"id","bicuartal","cuartal","date","equinoccial","inicial","lleno","luna_id","nuevo","selecto","soe_id","solsticial","invertido","tricuartal","year"
1,1,0,"0001-06-22 22:45:50",0,0,1,24,0,0,2,1,0,0,1
2,0,0,"0002-09-23 15:23:20",1,0,0,86,1,0,7,0,0,1,2
3,0,0,"0002-12-21 08:02:33",0,1,0,98,1,0,8,1,0,0,2
4,1,0,"0005-06-22 22:05:37",0,0,0,222,1,0,18,1,0,0,5
5,0,0,"0006-09-23 14:45:35",1,0,1,284,0,0,23,0,0,1,6
6,0,0,"0006-12-21 07:40:04",0,1,1,296,0,0,24,1,0,0,6
7,0,1,"0007-03-21 10:47:10",1,0,1,308,0,0,25,0,0,0,7
8,0,0,"0010-09-23 14:06:55",1,0,0,482,1,0,39,0,0,1,10
9,0,1,"0011-03-21 09:57:27",1,0,0,506,1,0,41,0,0,0,11
10,0,0,"0017-09-23 06:37:54",1,0,1,828,0,0,67,0,0,1,17
11,1,0,"0020-06-22 12:56:21",0,0,1,964,0,0,78,1,0,0,20
12,0,0,"0021-09-23 05:59:11",1,0,0,1026,1,0,83,0,0,1,21
13,0,0,"0021-12-20 22:54:54",0,1,0,1038,1,0,84,1,0,0,21
14,1,0,"0024-06-22 12:21:49",0,0,0,1162,1,0,94,1,0,0,24
15,0,0,"0025-09-23 05:22:00",1,0,1,1224,0,0,99,0,0,1,25
16,0,0,"0025-12-20 22:14:10",0,1,1,1236,0,0,100,1,0,0,25
17,0,1,"0030-03-21 00:24:12",1,0,0,1446,1,0,117,0,0,0,30
18,0,1,"0034-03-20 23:36:37",1,0,1,1644,0,0,133,0,0,0,34
19,0,0,"0036-09-22 21:15:39",1,0,1,1768,0,0,143,0,0,1,36
20,0,0,"0036-12-20 14:11:45",0,1,1,1780,0,0,144,1,0,0,36
21,1,0,"0039-06-23 03:09:16",0,0,1,1904,0,0,154,1,0,0,39
22,0,0,"0040-09-22 20:38:55",1,0,0,1966,1,0,159,0,0,1,40
23,0,0,"0040-12-20 13:42:07",0,1,0,1978,1,0,160,1,0,0,40
24,1,0,"0043-06-23 02:28:30",0,0,0,2102,1,0,170,1,0,0,43
25,0,0,"0044-12-20 13:04:39",0,1,1,2176,0,0,176,1,0,0,44
26,0,1,"0049-03-20 14:48:18",1,0,0,2386,1,0,193,0,0,0,49
27,0,1,"0053-03-20 13:54:09",1,0,1,2584,0,0,209,0,0,0,53
28,1,0,"0054-06-22 18:08:20",0,0,0,2646,1,0,214,1,0,0,54
29,0,0,"0055-09-23 11:51:36",1,0,1,2708,0,0,219,0,0,1,55
30,0,0,"0055-12-21 05:02:25",0,1,1,2720,0,0,220,1,0,0,55
31,1,0,"0058-06-22 17:30:38",0,0,1,2844,0,0,230,1,0,0,58
32,0,0,"0059-09-23 11:11:32",1,0,0,2906,1,0,235,0,0,1,59
33,0,0,"0059-12-21 04:24:18",0,1,0,2918,1,0,236,1,0,0,59
34,1,0,"0062-06-22 16:42:38",0,0,0,3042,1,0,246,1,0,0,62
35,0,1,"0064-03-20 05:51:43",1,0,1,3128,0,0,253,0,0,0,64
36,0,1,"0068-03-20 05:16:18",1,0,0,3326,1,0,269,0,0,0,68
37,0,1,"0072-03-20 04:17:58",1,0,1,3524,0,0,285,0,0,0,72
38,1,0,"0073-06-22 08:31:02",0,0,0,3586,1,0,290,1,0,0,73
39,0,0,"0074-12-20 19:46:25",0,1,1,3660,0,0,296,1,0,0,74
40,1,0,"0077-06-22 07:42:35",0,0,1,3784,0,0,306,1,0,0,77
41,0,0,"0078-09-23 01:45:14",1,0,0,3846,1,0,311,0,0,1,78
42,0,0,"0078-12-20 19:17:53",0,1,0,3858,1,0,312,1,0,0,78
43,0,0,"0082-09-23 01:04:55",1,0,1,4044,0,0,327,0,0,1,82
44,0,1,"0083-03-20 20:22:42",1,0,1,4068,0,0,329,0,0,0,83
45,0,1,"0087-03-20 19:35:53",1,0,0,4266,1,0,345,0,0,0,87
46,1,0,"0092-06-21 22:44:16",0,0,0,4526,1,0,366,1,0,0,92
47,0,0,"0093-12-20 10:36:48",0,1,1,4600,0,0,372,1,0,0,93
48,1,0,"0096-06-21 21:57:26",0,0,1,4724,0,0,382,1,0,0,96
49,0,0,"0097-09-22 16:18:53",1,0,0,4786,1,0,387,0,0,1,97
50,0,0,"0097-12-20 09:55:08",0,1,0,4798,1,0,388,1,0,0,97
51,0,1,"0098-03-20 11:29:28",1,0,0,4810,1,0,389,0,0,0,98
52,0,0,"0101-09-23 15:46:18",1,0,1,4984,0,0,403,0,0,1,101
53,0,1,"0102-03-21 10:55:14",1,0,1,5008,0,0,405,0,0,0,102
54,0,1,"0106-03-21 10:09:16",1,0,0,5206,1,0,421,0,0,0,106
55,1,0,"0111-06-23 12:48:20",0,0,0,5466,1,0,442,1,0,0,111
56,0,0,"0112-09-23 07:36:03",1,0,1,5528,0,0,447,0,0,1,112
57,0,0,"0112-12-21 01:24:49",0,1,1,5540,0,0,448,1,0,0,112
58,1,0,"0115-06-23 12:05:39",0,0,1,5664,0,0,458,1,0,0,115
59,0,0,"0116-09-23 06:53:12",1,0,0,5726,1,0,463,0,0,1,116
60,0,0,"0116-12-21 00:43:27",0,1,0,5738,1,0,464,1,0,0,116
61,0,1,"0117-03-21 02:00:59",1,0,0,5750,1,0,465,0,0,0,117
62,0,0,"0120-09-23 06:25:07",1,0,1,5924,0,0,479,0,0,1,120
63,0,0,"0120-12-21 00:06:15",0,1,1,5936,0,0,480,1,0,0,120
64,0,1,"0121-03-21 01:18:37",1,0,1,5948,0,0,481,0,0,0,121
65,0,1,"0125-03-21 00:31:19",1,0,0,6146,1,0,497,0,0,0,125
66,1,0,"0130-06-23 03:08:55",0,0,0,6406,1,0,518,1,0,0,130
67,0,0,"0131-09-23 22:10:02",1,0,1,6468,0,0,523,0,0,1,131
68,0,0,"0131-12-21 16:01:51",0,1,1,6480,0,0,524,1,0,0,131
69,1,0,"0134-06-23 02:19:07",0,0,1,6604,0,0,534,1,0,0,134
70,0,0,"0135-09-23 21:33:32",1,0,0,6666,1,0,539,0,0,1,135
71,0,0,"0135-12-21 15:32:37",0,1,0,6678,1,0,540,1,0,0,135
72,0,0,"0139-09-23 20:57:32",1,0,1,6864,0,0,555,0,0,1,139
73,0,0,"0139-12-21 14:58:13",0,1,1,6876,0,0,556,1,0,0,139
74,0,1,"0140-03-20 15:43:49",1,0,1,6888,0,0,557,0,0,0,140
75,0,1,"0144-03-20 14:50:37",1,0,0,7086,1,0,573,0,0,0,144
76,0,0,"0146-09-23 13:28:21",1,0,0,7210,1,0,583,0,0,1,146
77,1,0,"0149-06-22 17:22:45",0,0,0,7346,1,0,594,1,0,0,149
78,0,0,"0150-09-23 12:42:43",1,0,1,7408,0,0,599,0,0,1,150
79,0,0,"0150-12-21 06:55:26",0,1,1,7420,0,0,600,1,0,0,150
80,1,0,"0153-06-22 16:40:57",0,0,1,7544,0,0,610,1,0,0,153
81,0,0,"0154-09-23 12:04:50",1,0,0,7606,1,0,615,0,0,1,154
82,0,0,"0154-12-21 06:13:25",0,1,0,7618,1,0,616,1,0,0,154
83,1,0,"0157-06-22 16:01:55",0,0,0,7742,1,0,626,1,0,0,157
84,0,0,"0158-12-21 05:46:19",0,1,1,7816,0,0,632,1,0,0,158
85,0,1,"0159-03-21 06:02:49",1,0,1,7828,0,0,633,0,0,0,159
86,0,1,"0163-03-21 05:17:27",1,0,0,8026,1,0,649,0,0,0,163
87,1,0,"0164-06-22 08:31:51",0,0,1,8088,0,0,654,1,0,0,164
88,0,0,"0165-09-23 03:58:34",1,0,0,8150,1,0,659,0,0,1,165
89,0,0,"0165-12-20 22:18:19",0,1,0,8162,1,0,660,1,0,0,165
90,1,0,"0168-06-22 07:39:08",0,0,0,8286,1,0,670,1,0,0,168
91,0,0,"0169-09-23 03:17:15",1,0,1,8348,0,0,675,0,0,1,169
92,0,0,"0169-12-20 21:37:02",0,1,1,8360,0,0,676,1,0,0,169
93,1,0,"0172-06-22 06:50:15",0,0,1,8484,0,0,686,1,0,0,172
94,0,0,"0173-09-23 02:40:08",1,0,0,8546,1,0,691,0,0,1,173
95,0,0,"0173-12-20 21:06:18",0,1,0,8558,1,0,692,1,0,0,173
96,0,1,"0178-03-20 20:38:12",1,0,1,8768,0,0,709,0,0,0,178
97,0,1,"0182-03-20 19:36:06",1,0,0,8966,1,0,725,0,0,0,182
98,1,0,"0183-06-22 22:37:55",0,0,1,9028,0,0,730,1,0,0,183
99,0,0,"0184-12-20 13:06:07",0,1,0,9102,1,0,736,1,0,0,184
100,1,0,"0187-06-22 21:46:57",0,0,0,9226,1,0,746,1,0,0,187
101,0,0,"0188-09-22 17:45:52",1,0,1,9288,0,0,751,0,0,1,188
102,0,0,"0188-12-20 12:20:11",0,1,1,9300,0,0,752,1,0,0,188
103,1,0,"0191-06-22 21:04:29",0,0,1,9424,0,0,762,1,0,0,191
104,0,0,"0192-09-22 17:19:13",1,0,0,9486,1,0,767,0,0,1,192
105,0,0,"0192-12-20 11:46:21",0,1,0,9498,1,0,768,1,0,0,192
106,0,1,"0193-03-20 11:39:05",1,0,0,9510,1,0,769,0,0,0,193
107,0,1,"0197-03-20 11:05:13",1,0,1,9708,0,0,785,0,0,0,197
108,0,1,"0201-03-21 10:10:55",1,0,0,9906,1,0,801,0,0,0,201
109,1,0,"0202-06-23 12:52:26",0,0,1,9968,0,0,806,1,0,0,202
110,0,0,"0203-12-22 03:43:08",0,1,0,10042,1,0,812,1,0,0,203
111,1,0,"0206-06-23 11:52:27",0,0,0,10166,1,0,822,1,0,0,206
112,0,0,"0207-09-24 08:23:03",1,0,1,10228,0,0,827,0,0,1,207
113,0,0,"0207-12-22 03:08:52",0,1,1,10240,0,0,828,1,0,0,207
114,0,0,"0211-09-24 07:48:36",1,0,0,10426,1,0,843,0,0,1,211
115,0,0,"0211-12-22 02:35:45",0,1,0,10438,1,0,844,1,0,0,211
116,0,1,"0212-03-21 02:09:18",1,0,0,10450,1,0,845,0,0,0,212
117,0,1,"0216-03-21 01:21:06",1,0,1,10648,0,0,861,0,0,0,216
118,1,0,"0221-06-23 03:02:28",0,0,1,10908,0,0,882,1,0,0,221
119,1,0,"0225-06-23 02:12:57",0,0,0,11106,1,0,898,1,0,0,225
120,0,0,"0226-09-23 22:55:47",1,0,1,11168,0,0,903,0,0,1,226
121,0,0,"0226-12-21 17:46:42",0,1,1,11180,0,0,904,1,0,0,226
122,0,0,"0230-09-23 22:24:15",1,0,0,11366,1,0,919,0,0,1,230
123,0,0,"0230-12-21 17:26:36",0,1,0,11378,1,0,920,1,0,0,230
124,0,1,"0231-03-21 16:28:55",1,0,0,11390,1,0,921,0,0,0,231
125,0,1,"0235-03-21 15:46:21",1,0,1,11588,0,0,937,0,0,0,235
126,1,0,"0240-06-22 17:19:21",0,0,1,11848,0,0,958,1,0,0,240
127,0,0,"0241-09-23 14:10:34",1,0,0,11910,1,0,963,0,0,1,241
128,1,0,"0244-06-22 16:26:15",0,0,0,12046,1,0,974,1,0,0,244
129,0,0,"0245-09-23 13:29:53",1,0,1,12108,0,0,979,0,0,1,245
130,0,0,"0245-12-21 08:39:43",0,1,1,12120,0,0,980,1,0,0,245
131,1,0,"0248-06-22 15:55:25",0,0,1,12244,0,0,990,1,0,0,248
132,0,0,"0249-09-23 12:53:49",1,0,0,12306,1,0,995,0,0,1,249
133,0,0,"0249-12-21 08:05:44",0,1,0,12318,1,0,996,1,0,0,249
134,0,1,"0250-03-21 07:00:22",1,0,0,12330,1,0,997,0,0,0,250
135,0,1,"0254-03-21 06:04:27",1,0,1,12528,0,0,1013,0,0,0,254
136,1,0,"0259-06-23 07:30:59",0,0,1,12788,0,0,1034,1,0,0,259
137,0,0,"0260-09-23 04:39:00",1,0,0,12850,1,0,1039,0,0,1,260
138,0,0,"0260-12-20 23:58:15",0,1,0,12862,1,0,1040,1,0,0,260
139,1,0,"0263-06-23 06:42:23",0,0,0,12986,1,0,1050,1,0,0,263
140,0,0,"0264-09-23 04:11:26",1,0,1,13048,0,0,1055,0,0,1,264
141,0,0,"0264-12-20 23:25:04",0,1,1,13060,0,0,1056,1,0,0,264
142,1,0,"0267-06-23 05:57:40",0,0,1,13184,0,0,1066,1,0,0,267
143,0,0,"0268-09-23 03:26:57",1,0,0,13246,1,0,1071,0,0,1,268
144,0,0,"0268-12-20 22:52:18",0,1,0,13258,1,0,1072,1,0,0,268
145,0,1,"0269-03-20 21:32:02",1,0,0,13270,1,0,1073,0,0,0,269
146,0,1,"0273-03-20 20:42:23",1,0,1,13468,0,0,1089,0,0,0,273
147,1,0,"0278-06-22 21:36:42",0,0,1,13728,0,0,1110,1,0,0,278
148,0,0,"0279-09-23 19:19:41",1,0,0,13790,1,0,1115,0,0,1,279
149,0,0,"0279-12-21 14:46:40",0,1,0,13802,1,0,1116,1,0,0,279
150,1,0,"0282-06-22 20:51:47",0,0,0,13926,1,0,1126,1,0,0,282
151,0,0,"0283-09-23 18:39:27",1,0,1,13988,0,0,1131,0,0,1,283
152,0,0,"0283-12-21 14:10:57",0,1,1,14000,0,0,1132,1,0,0,283
153,1,0,"0286-06-22 20:10:47",0,0,1,14124,0,0,1142,1,0,0,286
154,0,0,"0287-12-21 13:32:41",0,1,0,14198,1,0,1148,1,0,0,287
155,0,1,"0288-03-20 11:48:50",1,0,0,14210,1,0,1149,0,0,0,288
156,0,1,"0292-03-20 11:09:58",1,0,1,14408,0,0,1165,0,0,0,292
157,1,0,"0293-06-22 12:49:30",0,0,0,14470,1,0,1170,1,0,0,293
158,0,1,"0296-03-20 10:13:57",1,0,0,14606,1,0,1181,0,0,0,296
159,1,0,"0297-06-22 11:53:30",0,0,1,14668,0,0,1186,1,0,0,297
160,0,0,"0298-09-23 09:53:39",1,0,0,14730,1,0,1191,0,0,1,298
161,0,0,"0298-12-21 05:25:59",0,1,0,14742,1,0,1192,1,0,0,298
162,1,0,"0301-06-23 11:05:18",0,0,0,14866,1,0,1202,1,0,0,301
163,0,0,"0302-09-24 09:13:19",1,0,1,14928,0,0,1207,0,0,1,302
164,0,0,"0302-12-22 05:02:01",0,1,1,14940,0,0,1208,1,0,0,302
165,0,1,"0307-03-22 02:18:20",1,0,0,15150,1,0,1225,0,0,0,307
166,0,1,"0311-03-22 01:25:09",1,0,1,15348,0,0,1241,0,0,0,311
167,1,0,"0312-06-23 03:05:44",0,0,0,15410,1,0,1246,1,0,0,312
168,0,1,"0315-03-22 00:35:04",1,0,0,15546,1,0,1257,0,0,0,315
169,1,0,"0316-06-23 02:02:23",0,0,1,15608,0,0,1262,1,0,0,316
170,0,0,"0317-09-24 00:19:58",1,0,0,15670,1,0,1267,0,0,1,317
171,0,0,"0317-12-21 20:18:30",0,1,0,15682,1,0,1268,1,0,0,317
172,1,0,"0320-06-23 01:29:32",0,0,0,15806,1,0,1278,1,0,0,320
173,0,0,"0321-09-23 23:45:17",1,0,1,15868,0,0,1283,0,0,1,321
174,0,0,"0321-12-21 19:42:19",0,1,1,15880,0,0,1284,1,0,0,321
175,0,1,"0322-03-21 17:25:03",1,0,1,15892,0,0,1285,0,0,0,322
176,0,1,"0326-03-21 16:39:28",1,0,0,16090,1,0,1301,0,0,0,326
177,0,1,"0330-03-21 15:58:24",1,0,1,16288,0,0,1317,0,0,0,330
178,1,0,"0331-06-23 17:16:17",0,0,0,16350,1,0,1322,1,0,0,331
179,1,0,"0335-06-23 16:19:40",0,0,1,16548,0,0,1338,1,0,0,335
180,0,0,"0336-09-23 14:59:49",1,0,0,16610,1,0,1343,0,0,1,336
181,0,0,"0336-12-21 11:06:38",0,1,0,16622,1,0,1344,1,0,0,336
182,0,0,"0340-09-23 14:17:25",1,0,1,16808,0,0,1359,0,0,1,340
183,0,0,"0340-12-21 10:30:10",0,1,1,16820,0,0,1360,1,0,0,340
184,0,1,"0341-03-21 07:59:01",1,0,1,16832,0,0,1361,0,0,0,341
185,0,0,"0344-09-23 13:45:44",1,0,0,17006,1,0,1375,0,0,1,344
186,0,1,"0345-03-21 07:10:52",1,0,0,17030,1,0,1377,0,0,0,345
187,1,0,"0350-06-23 07:18:21",0,0,0,17290,1,0,1398,1,0,0,350
188,1,0,"0354-06-23 06:32:17",0,0,1,17488,0,0,1414,1,0,0,354
189,0,0,"0355-09-24 05:30:44",1,0,0,17550,1,0,1419,0,0,1,355
190,0,0,"0355-12-22 01:47:07",0,1,0,17562,1,0,1420,1,0,0,355
191,1,0,"0358-06-23 05:49:37",0,0,0,17686,1,0,1430,1,0,0,358
192,0,0,"0359-09-24 04:58:22",1,0,1,17748,0,0,1435,0,0,1,359
193,0,0,"0359-12-22 01:13:17",0,1,1,17760,0,0,1436,1,0,0,359
194,0,1,"0360-03-20 22:15:33",1,0,1,17772,0,0,1437,0,0,0,360
195,0,0,"0363-09-24 04:19:10",1,0,0,17946,1,0,1451,0,0,1,363
196,0,1,"0364-03-20 21:44:01",1,0,0,17970,1,0,1453,0,0,0,364
197,0,0,"0370-09-23 20:52:40",1,0,1,18292,0,0,1479,0,0,1,370
198,1,0,"0373-06-22 20:42:29",0,0,1,18428,0,0,1490,1,0,0,373
199,0,0,"0374-09-23 20:06:37",1,0,0,18490,1,0,1495,0,0,1,374
200,0,0,"0374-12-21 16:37:01",0,1,0,18502,1,0,1496,1,0,0,374
201,1,0,"0377-06-22 19:59:03",0,0,0,18626,1,0,1506,1,0,0,377
202,0,0,"0378-09-23 19:24:59",1,0,1,18688,0,0,1511,0,0,1,378
203,0,0,"0378-12-21 15:59:49",0,1,1,18700,0,0,1512,1,0,0,378
204,0,1,"0379-03-21 12:44:14",1,0,1,18712,0,0,1513,0,0,0,379
205,0,0,"0382-12-21 15:22:11",0,1,0,18898,1,0,1528,1,0,0,382
206,0,1,"0383-03-21 11:58:12",1,0,0,18910,1,0,1529,0,0,0,383
207,1,0,"0388-06-22 11:48:17",0,0,0,19170,1,0,1550,1,0,0,388
208,0,0,"0389-09-23 11:17:27",1,0,1,19232,0,0,1555,0,0,1,389
209,1,0,"0392-06-22 11:04:23",0,0,1,19368,0,0,1566,1,0,0,392
210,0,0,"0393-09-23 10:38:20",1,0,0,19430,1,0,1571,0,0,1,393
211,0,0,"0393-12-21 07:19:15",0,1,0,19442,1,0,1572,1,0,0,393
212,1,0,"0396-06-22 10:12:19",0,0,0,19566,1,0,1582,1,0,0,396
213,0,0,"0397-09-23 09:56:28",1,0,1,19628,0,0,1587,0,0,1,397
214,0,0,"0397-12-21 06:48:46",0,1,1,19640,0,0,1588,1,0,0,397
215,0,1,"0398-03-21 03:09:01",1,0,1,19652,0,0,1589,0,0,0,398
216,0,0,"0401-12-21 06:13:31",0,1,0,19838,1,0,1604,1,0,0,401
217,0,1,"0402-03-21 02:30:23",1,0,0,19850,1,0,1605,0,0,0,402
218,0,1,"0406-03-21 01:29:00",1,0,1,20048,0,0,1621,0,0,0,406
219,1,0,"0407-06-23 02:01:21",0,0,0,20110,1,0,1626,1,0,0,407
220,0,0,"0408-09-23 01:52:48",1,0,1,20172,0,0,1631,0,0,1,408
221,0,0,"0408-12-20 22:51:12",0,1,1,20184,0,0,1632,1,0,0,408
222,1,0,"0411-06-23 01:09:11",0,0,1,20308,0,0,1642,1,0,0,411
223,0,0,"0412-09-23 01:01:55",1,0,0,20370,1,0,1647,0,0,1,412
224,0,0,"0412-12-20 22:07:33",0,1,0,20382,1,0,1648,1,0,0,412
225,1,0,"0415-06-23 00:34:44",0,0,0,20506,1,0,1658,1,0,0,415
226,0,0,"0416-12-20 21:28:23",0,1,1,20580,0,0,1664,1,0,0,416
227,0,1,"0417-03-20 17:36:36",1,0,1,20592,0,0,1665,0,0,0,417
228,0,1,"0421-03-20 16:56:38",1,0,0,20790,1,0,1681,0,0,0,421
229,1,0,"0422-06-22 17:06:19",0,0,1,20852,0,0,1686,1,0,0,422
230,0,1,"0425-03-20 15:59:56",1,0,1,20988,0,0,1697,0,0,0,425
231,1,0,"0426-06-22 16:11:33",0,0,0,21050,1,0,1702,1,0,0,426
232,0,0,"0427-09-23 16:23:03",1,0,1,21112,0,0,1707,0,0,1,427
233,0,0,"0427-12-21 13:26:02",0,1,1,21124,0,0,1708,1,0,0,427
234,1,0,"0430-06-22 15:19:09",0,0,1,21248,0,0,1718,1,0,0,430
235,0,0,"0431-09-23 15:38:48",1,0,0,21310,1,0,1723,0,0,1,431
236,0,0,"0431-12-21 12:50:30",0,1,0,21322,1,0,1724,1,0,0,431
237,0,0,"0435-09-23 15:07:07",1,0,1,21508,0,0,1739,0,0,1,435
238,0,1,"0436-03-20 08:11:53",1,0,1,21532,0,0,1741,0,0,0,436
239,0,1,"0440-03-20 07:21:51",1,0,0,21730,1,0,1757,0,0,0,440
240,1,0,"0441-06-22 07:14:44",0,0,1,21792,0,0,1762,1,0,0,441
241,0,1,"0444-03-20 06:24:43",1,0,1,21928,0,0,1773,0,0,0,444
242,1,0,"0445-06-22 06:17:20",0,0,0,21990,1,0,1778,1,0,0,445
243,0,0,"0446-12-21 04:14:28",0,1,1,22064,0,0,1784,1,0,0,446
244,1,0,"0449-06-22 05:32:44",0,0,1,22188,0,0,1794,1,0,0,449
245,0,0,"0450-09-23 06:11:10",1,0,0,22250,1,0,1799,0,0,1,450
246,0,0,"0450-12-21 03:31:26",0,1,0,22262,1,0,1800,1,0,0,450
247,0,1,"0451-03-20 23:08:13",1,0,0,22274,1,0,1801,0,0,0,451
248,0,0,"0454-09-23 05:43:19",1,0,1,22448,0,0,1815,0,0,1,454
249,0,1,"0455-03-20 22:25:31",1,0,1,22472,0,0,1817,0,0,0,455
250,0,1,"0459-03-20 21:47:57",1,0,0,22670,1,0,1833,0,0,0,459
251,1,0,"0460-06-21 21:28:42",0,0,1,22732,0,0,1838,1,0,0,460
252,1,0,"0464-06-21 20:38:52",0,0,0,22930,1,0,1854,1,0,0,464
253,1,0,"0468-06-21 19:43:07",0,0,1,23128,0,0,1870,1,0,0,468
254,0,0,"0469-09-22 20:44:26",1,0,0,23190,1,0,1875,0,0,1,469
255,0,0,"0469-12-20 18:21:13",0,1,0,23202,1,0,1876,1,0,0,469
256,0,1,"0470-03-20 13:34:19",1,0,0,23214,1,0,1877,0,0,0,470
257,0,0,"0473-09-22 20:06:48",1,0,1,23388,0,0,1891,0,0,1,473
258,0,0,"0473-12-20 17:49:40",0,1,1,23400,0,0,1892,1,0,0,473
259,0,1,"0474-03-20 12:55:59",1,0,1,23412,0,0,1893,0,0,0,474
260,0,1,"0478-03-20 12:03:52",1,0,0,23610,1,0,1909,0,0,0,478
261,1,0,"0483-06-22 10:51:52",0,0,0,23870,1,0,1930,1,0,0,483
262,0,0,"0484-09-22 11:52:32",1,0,1,23932,0,0,1935,0,0,1,484
263,1,0,"0487-06-22 10:03:59",0,0,1,24068,0,0,1946,1,0,0,487
264,0,0,"0488-09-22 11:17:45",1,0,0,24130,1,0,1951,0,0,1,488
265,0,0,"0488-12-20 09:02:30",0,1,0,24142,1,0,1952,1,0,0,488
266,0,1,"0489-03-20 03:53:38",1,0,0,24154,1,0,1953,0,0,0,489
267,0,0,"0492-09-22 10:36:06",1,0,1,24328,0,0,1967,0,0,1,492
268,0,0,"0492-12-20 08:39:02",0,1,1,24340,0,0,1968,1,0,0,492
269,0,1,"0493-03-20 03:28:40",1,0,1,24352,0,0,1969,0,0,0,493
270,0,1,"0497-03-20 02:35:50",1,0,0,24550,1,0,1985,0,0,0,497
271,0,0,"0499-09-23 03:18:58",1,0,0,24674,1,0,1995,0,0,1,499
272,1,0,"0502-06-23 00:58:03",0,0,0,24810,1,0,2006,1,0,0,502
273,0,0,"0503-09-24 02:24:56",1,0,1,24872,0,0,2011,0,0,1,503
274,0,0,"0503-12-22 00:30:19",0,1,1,24884,0,0,2012,1,0,0,503
275,1,0,"0506-06-23 00:10:09",0,0,1,25008,0,0,2022,1,0,0,506
276,0,0,"0507-09-24 01:49:25",1,0,0,25070,1,0,2027,0,0,1,507
277,0,0,"0507-12-21 23:54:35",0,1,0,25082,1,0,2028,1,0,0,507
278,0,0,"0511-12-21 23:11:34",0,1,1,25280,0,0,2044,1,0,0,511
279,0,1,"0512-03-20 17:54:32",1,0,1,25292,0,0,2045,0,0,0,512
280,0,1,"0516-03-20 17:03:43",1,0,0,25490,1,0,2061,0,0,0,516
281,1,0,"0517-06-22 16:01:38",0,0,1,25552,0,0,2066,1,0,0,517
282,0,0,"0518-09-23 17:49:59",1,0,0,25614,1,0,2071,0,0,1,518
283,1,0,"0521-06-22 15:07:09",0,0,0,25750,1,0,2082,1,0,0,521
284,0,0,"0522-09-23 16:57:33",1,0,1,25812,0,0,2087,0,0,1,522
285,0,0,"0522-12-21 15:06:55",0,1,1,25824,0,0,2088,1,0,0,522
286,1,0,"0525-06-22 14:22:10",0,0,1,25948,0,0,2098,1,0,0,525
287,0,0,"0526-09-23 16:25:34",1,0,0,26010,1,0,2103,0,0,1,526
288,0,0,"0526-12-21 14:41:22",0,1,0,26022,1,0,2104,1,0,0,526
289,0,0,"0530-12-21 14:01:23",0,1,1,26220,0,0,2120,1,0,0,530
290,0,1,"0531-03-21 08:23:30",1,0,1,26232,0,0,2121,0,0,0,531
291,0,1,"0535-03-21 07:29:08",1,0,0,26430,1,0,2137,0,0,0,535
292,1,0,"0536-06-22 06:16:54",0,0,1,26492,0,0,2142,1,0,0,536
293,0,0,"0537-12-21 06:42:16",0,1,0,26566,1,0,2148,1,0,0,537
294,1,0,"0540-06-22 05:16:09",0,0,0,26690,1,0,2158,1,0,0,540
295,0,0,"0541-09-23 07:30:33",1,0,1,26752,0,0,2163,0,0,1,541
296,0,0,"0541-12-21 05:57:09",0,1,1,26764,0,0,2164,1,0,0,541
297,1,0,"0544-06-22 04:43:47",0,0,1,26888,0,0,2174,1,0,0,544
298,0,0,"0545-09-23 06:54:58",1,0,0,26950,1,0,2179,0,0,1,545
299,0,0,"0545-12-21 05:23:39",0,1,0,26962,1,0,2180,1,0,0,545
300,0,1,"0546-03-20 23:23:33",1,0,0,26974,1,0,2181,0,0,0,546
301,0,1,"0550-03-20 22:37:00",1,0,1,27172,0,0,2197,0,0,0,550
302,1,0,"0551-06-22 21:21:12",0,0,0,27234,1,0,2202,1,0,0,551
303,0,1,"0554-03-20 21:56:38",1,0,0,27370,1,0,2213,0,0,0,554
304,1,0,"0555-06-22 20:33:29",0,0,1,27432,0,0,2218,1,0,0,555
305,0,0,"0556-12-20 21:28:07",0,1,0,27506,1,0,2224,1,0,0,556
306,1,0,"0559-06-22 19:38:24",0,0,0,27630,1,0,2234,1,0,0,559
307,0,0,"0560-09-22 22:03:32",1,0,1,27692,0,0,2239,0,0,1,560
308,0,0,"0560-12-20 20:40:15",0,1,1,27704,0,0,2240,1,0,0,560
309,0,0,"0564-09-22 21:27:10",1,0,0,27890,1,0,2255,0,0,1,564
310,0,0,"0564-12-20 20:16:50",0,1,0,27902,1,0,2256,1,0,0,564
311,0,1,"0565-03-20 13:57:53",1,0,0,27914,1,0,2257,0,0,0,565
312,0,1,"0569-03-20 13:08:44",1,0,1,28112,0,0,2273,0,0,0,569
313,0,1,"0573-03-20 12:18:03",1,0,0,28310,1,0,2289,0,0,0,573
314,1,0,"0574-06-22 10:40:48",0,0,1,28372,0,0,2294,1,0,0,574
315,1,0,"0578-06-22 09:51:27",0,0,0,28570,1,0,2310,1,0,0,578
316,0,0,"0579-09-23 12:35:01",1,0,1,28632,0,0,2315,0,0,1,579
317,0,0,"0579-12-21 11:31:17",0,1,1,28644,0,0,2316,1,0,0,579
318,0,1,"0580-03-20 04:59:54",1,0,1,28656,0,0,2317,0,0,0,580
319,0,0,"0583-09-23 11:56:46",1,0,0,28830,1,0,2331,0,0,1,583
320,0,0,"0583-12-21 10:53:00",0,1,0,28842,1,0,2332,1,0,0,583
321,0,1,"0584-03-20 04:21:06",1,0,0,28854,1,0,2333,0,0,0,584
322,0,1,"0588-03-20 03:41:50",1,0,1,29052,0,0,2349,0,0,0,588
323,1,0,"0593-06-22 00:53:39",0,0,1,29312,0,0,2370,1,0,0,593
324,1,0,"0597-06-21 23:57:46",0,0,0,29510,1,0,2386,1,0,0,597
325,0,0,"0598-09-23 03:09:45",1,0,1,29572,0,0,2391,0,0,1,598
326,0,0,"0598-12-21 02:20:00",0,1,1,29584,0,0,2392,1,0,0,598
327,0,0,"0602-09-24 02:27:08",1,0,0,29769,1,0,2407,0,0,1,602
328,0,0,"0602-12-22 01:40:08",0,1,0,29781,1,0,2408,1,0,0,602
329,0,1,"0603-03-21 18:53:25",1,0,0,29793,1,0,2409,0,0,0,603
330,0,1,"0607-03-21 18:06:20",1,0,1,29991,0,0,2425,0,0,0,607
331,1,0,"0612-06-22 14:57:06",0,0,1,30251,0,0,2446,1,0,0,612
332,0,0,"0613-09-23 18:20:59",1,0,0,30313,1,0,2451,0,0,1,613
333,1,0,"0616-06-22 14:13:14",0,0,0,30449,1,0,2462,1,0,0,616
334,0,0,"0617-09-23 17:37:02",1,0,1,30511,0,0,2467,0,0,1,617
335,0,0,"0617-12-21 16:56:25",0,1,1,30523,0,0,2468,1,0,0,617
336,0,0,"0621-09-23 17:03:05",1,0,0,30709,1,0,2483,0,0,1,621
337,0,0,"0621-12-21 16:28:35",0,1,0,30721,1,0,2484,1,0,0,621
338,0,1,"0622-03-21 09:11:46",1,0,0,30733,1,0,2485,0,0,0,622
339,0,1,"0626-03-21 08:34:11",1,0,1,30931,0,0,2501,0,0,0,626
340,1,0,"0631-06-23 05:12:21",0,0,1,31191,0,0,2522,1,0,0,631
341,0,0,"0632-09-23 08:48:52",1,0,0,31253,1,0,2527,0,0,1,632
342,1,0,"0635-06-23 04:25:53",0,0,0,31389,1,0,2538,1,0,0,635
343,0,0,"0636-09-23 08:06:51",1,0,1,31451,0,0,2543,0,0,1,636
344,0,0,"0636-12-21 07:49:07",0,1,1,31463,0,0,2544,1,0,0,636
345,0,0,"0640-12-21 07:08:23",0,1,0,31661,1,0,2560,1,0,0,640
346,0,1,"0641-03-20 23:39:44",1,0,0,31673,1,0,2561,0,0,0,641
347,0,1,"0645-03-20 22:51:41",1,0,1,31871,0,0,2577,0,0,0,645
348,1,0,"0646-06-22 20:20:34",0,0,0,31933,1,0,2582,1,0,0,646
349,1,0,"0650-06-22 19:28:16",0,0,1,32131,0,0,2598,1,0,0,650
350,0,0,"0651-09-23 23:15:24",1,0,0,32193,1,0,2603,0,0,1,651
351,0,0,"0651-12-21 23:06:43",0,1,0,32205,1,0,2604,1,0,0,651
352,1,0,"0654-06-22 18:42:47",0,0,0,32329,1,0,2614,1,0,0,654
353,0,0,"0655-09-23 22:37:50",1,0,1,32391,0,0,2619,0,0,1,655
354,0,0,"0655-12-21 22:29:04",0,1,1,32403,0,0,2620,1,0,0,655
355,0,0,"0659-12-21 21:59:24",0,1,0,32601,1,0,2636,1,0,0,659
356,0,1,"0660-03-20 14:12:13",1,0,0,32613,1,0,2637,0,0,0,660
357,0,1,"0664-03-20 13:26:49",1,0,1,32811,0,0,2653,0,0,0,664
358,1,0,"0665-06-22 10:31:31",0,0,0,32873,1,0,2658,1,0,0,665
359,0,1,"0668-03-20 12:24:40",1,0,0,33009,1,0,2669,0,0,0,668
360,1,0,"0669-06-22 09:32:41",0,0,1,33071,0,0,2674,1,0,0,669
361,0,0,"0670-09-23 13:50:43",1,0,0,33133,1,0,2679,0,0,1,670
362,0,0,"0670-12-21 13:54:14",0,1,0,33145,1,0,2680,1,0,0,670
363,1,0,"0673-06-22 08:50:24",0,0,0,33269,1,0,2690,1,0,0,673
364,0,0,"0674-09-23 13:05:41",1,0,1,33331,0,0,2695,0,0,1,674
365,0,0,"0674-12-21 13:12:42",0,1,1,33343,0,0,2696,1,0,0,674
366,0,1,"0675-03-21 05:20:15",1,0,1,33355,0,0,2697,0,0,0,675
367,0,1,"0679-03-21 04:35:38",1,0,0,33553,1,0,2713,0,0,0,679
368,0,1,"0683-03-21 03:56:01",1,0,1,33751,0,0,2729,0,0,0,683
369,1,0,"0684-06-22 00:37:24",0,0,0,33813,1,0,2734,1,0,0,684
370,1,0,"0688-06-21 23:49:03",0,0,1,34011,0,0,2750,1,0,0,688
371,0,0,"0689-09-23 04:22:52",1,0,0,34073,1,0,2755,0,0,1,689
372,0,0,"0689-12-21 04:30:11",0,1,0,34085,1,0,2756,1,0,0,689
373,0,0,"0693-09-23 03:41:15",1,0,1,34271,0,0,2771,0,0,1,693
374,0,0,"0693-12-21 04:01:43",0,1,1,34283,0,0,2772,1,0,0,693
375,0,1,"0694-03-20 19:39:54",1,0,1,34295,0,0,2773,0,0,0,694
376,0,1,"0698-03-20 19:06:33",1,0,0,34493,1,0,2789,0,0,0,698
377,0,1,"0702-03-21 18:13:07",1,0,1,34691,0,0,2805,0,0,0,702
378,1,0,"0703-06-23 14:50:54",0,0,0,34753,1,0,2810,1,0,0,703
379,1,0,"0707-06-23 13:59:16",0,0,1,34951,0,0,2826,1,0,0,707
380,0,0,"0708-09-23 18:48:42",1,0,0,35013,1,0,2831,0,0,1,708
381,0,0,"0708-12-21 19:22:30",0,1,0,35025,1,0,2832,1,0,0,708
382,0,0,"0712-09-23 18:08:00",1,0,1,35211,0,0,2847,0,0,1,712
383,0,0,"0712-12-21 18:39:20",0,1,1,35223,0,0,2848,1,0,0,712
384,0,1,"0713-03-21 10:06:20",1,0,1,35235,0,0,2849,0,0,0,713
385,0,0,"0716-09-23 17:34:46",1,0,0,35409,1,0,2863,0,0,1,716
386,0,1,"0717-03-21 09:27:50",1,0,0,35433,1,0,2865,0,0,0,717
387,1,0,"0722-06-23 05:09:42",0,0,0,35693,1,0,2886,1,0,0,722
388,1,0,"0726-06-23 04:11:36",0,0,1,35891,0,0,2902,1,0,0,726
389,0,0,"0727-09-24 09:16:24",1,0,0,35953,1,0,2907,0,0,1,727
390,0,0,"0727-12-22 10:07:24",0,1,0,35965,1,0,2908,1,0,0,727
391,0,0,"0731-09-24 08:38:27",1,0,1,36151,0,0,2923,0,0,1,731
392,0,0,"0731-12-22 09:31:05",0,1,1,36163,0,0,2924,1,0,0,731
393,0,1,"0732-03-21 00:40:13",1,0,1,36175,0,0,2925,0,0,0,732
394,0,0,"0735-09-24 07:59:53",1,0,0,36349,1,0,2939,0,0,1,735
395,0,0,"0735-12-22 08:54:43",0,1,0,36361,1,0,2940,1,0,0,735
396,0,1,"0736-03-21 00:02:03",1,0,0,36373,1,0,2941,0,0,0,736
397,1,0,"0741-06-22 19:10:37",0,0,0,36633,1,0,2962,1,0,0,741
398,0,0,"0742-09-24 00:37:06",1,0,1,36695,0,0,2967,0,0,1,742
399,1,0,"0745-06-22 18:23:11",0,0,1,36831,0,0,2978,1,0,0,745
400,0,0,"0746-09-23 23:42:07",1,0,0,36893,1,0,2983,0,0,1,746
401,0,0,"0746-12-22 00:45:32",0,1,0,36905,1,0,2984,1,0,0,746
402,1,0,"0749-06-22 17:41:51",0,0,0,37029,1,0,2994,1,0,0,749
403,0,0,"0750-09-23 23:17:36",1,0,1,37091,0,0,2999,0,0,1,750
404,0,0,"0750-12-22 00:14:46",0,1,1,37103,0,0,3000,1,0,0,750
405,0,1,"0751-03-21 15:04:42",1,0,1,37115,0,0,3001,0,0,0,751
406,0,0,"0754-12-21 23:40:01",0,1,0,37301,1,0,3016,1,0,0,754
407,0,1,"0755-03-21 14:33:00",1,0,0,37313,1,0,3017,0,0,0,755
408,1,0,"0760-06-22 09:23:29",0,0,0,37573,1,0,3038,1,0,0,760
409,0,0,"0761-09-23 15:08:34",1,0,1,37635,0,0,3043,0,0,1,761
410,1,0,"0764-06-22 08:27:55",0,0,1,37771,0,0,3054,1,0,0,764
411,0,0,"0765-09-23 14:19:11",1,0,0,37833,1,0,3059,0,0,1,765
412,0,0,"0765-12-21 15:33:54",0,1,0,37845,1,0,3060,1,0,0,765
413,1,0,"0768-06-22 07:52:18",0,0,0,37969,1,0,3070,1,0,0,768
414,0,0,"0769-09-23 13:44:32",1,0,1,38031,0,0,3075,0,0,1,769
415,0,0,"0769-12-21 15:02:06",0,1,1,38043,0,0,3076,1,0,0,769
416,0,1,"0770-03-21 05:38:18",1,0,1,38055,0,0,3077,0,0,0,770
417,0,0,"0773-12-21 14:18:35",0,1,0,38241,1,0,3092,1,0,0,773
418,0,1,"0774-03-21 04:50:10",1,0,0,38253,1,0,3093,0,0,0,774
419,1,0,"0775-06-23 00:28:08",0,0,1,38315,0,0,3098,1,0,0,775
420,0,1,"0778-03-21 04:06:03",1,0,1,38451,0,0,3109,0,0,0,778
421,1,0,"0779-06-22 23:37:52",0,0,0,38513,1,0,3114,1,0,0,779
422,0,0,"0780-09-23 05:33:40",1,0,1,38575,0,0,3119,0,0,1,780
423,0,0,"0780-12-21 07:02:26",0,1,1,38587,0,0,3120,1,0,0,780
424,1,0,"0783-06-22 22:45:58",0,0,1,38711,0,0,3130,1,0,0,783
425,0,0,"0784-09-23 04:52:19",1,0,0,38773,1,0,3135,0,0,1,784
426,0,0,"0784-12-21 06:13:33",0,1,0,38785,1,0,3136,1,0,0,784
427,0,0,"0788-12-21 05:52:27",0,1,1,38983,0,0,3152,1,0,0,788
428,0,1,"0789-03-20 20:01:38",1,0,1,38995,0,0,3153,0,0,0,789
429,0,1,"0793-03-20 19:20:54",1,0,0,39193,1,0,3169,0,0,0,793
430,1,0,"0794-06-22 14:49:37",0,0,1,39255,0,0,3174,1,0,0,794
431,0,1,"0797-03-20 18:24:51",1,0,1,39391,0,0,3185,0,0,0,797
432,1,0,"0798-06-22 13:54:06",0,0,0,39453,1,0,3190,1,0,0,798
433,0,0,"0799-09-23 20:03:14",1,0,1,39515,0,0,3195,0,0,1,799
434,0,0,"0799-12-21 21:51:26",0,1,1,39527,0,0,3196,1,0,0,799
435,1,0,"0802-06-22 12:57:06",0,0,1,39651,0,0,3206,1,0,0,802
436,0,0,"0803-09-23 19:17:35",1,0,0,39713,1,0,3211,0,0,1,803
437,0,0,"0803-12-21 21:06:23",0,1,0,39725,1,0,3212,1,0,0,803
438,0,1,"0804-03-20 11:06:30",1,0,0,39737,1,0,3213,0,0,0,804
439,0,0,"0807-09-23 18:40:53",1,0,1,39911,0,0,3227,0,0,1,807
440,0,0,"0807-12-21 20:30:39",0,1,1,39923,0,0,3228,1,0,0,807
441,0,1,"0808-03-20 10:32:57",1,0,1,39935,0,0,3229,0,0,0,808
442,0,1,"0812-03-20 09:42:27",1,0,0,40133,1,0,3245,0,0,0,812
443,1,0,"0813-06-22 04:56:38",0,0,1,40195,0,0,3250,1,0,0,813
444,1,0,"0817-06-22 04:05:42",0,0,0,40393,1,0,3266,1,0,0,817
445,0,0,"0818-12-21 12:26:57",0,1,1,40467,0,0,3272,1,0,0,818
446,0,0,"0822-09-23 09:51:40",1,0,0,40653,1,0,3287,0,0,1,822
447,0,0,"0822-12-21 11:52:29",0,1,0,40665,1,0,3288,1,0,0,822
448,0,1,"0823-03-21 01:32:33",1,0,0,40677,1,0,3289,0,0,0,823
449,0,0,"0826-09-23 09:09:14",1,0,1,40851,0,0,3303,0,0,1,826
450,0,0,"0826-12-21 11:17:29",0,1,1,40863,0,0,3304,1,0,0,826
451,0,1,"0827-03-21 01:09:14",1,0,1,40875,0,0,3305,0,0,0,827
452,0,1,"0831-03-21 00:17:36",1,0,0,41073,1,0,3321,0,0,0,831
453,1,0,"0832-06-21 19:08:12",0,0,1,41135,0,0,3326,1,0,0,832
454,1,0,"0836-06-21 18:04:42",0,0,0,41333,1,0,3342,1,0,0,836
455,0,0,"0837-09-23 01:00:15",1,0,1,41395,0,0,3347,0,0,1,837
456,0,0,"0841-09-23 00:20:10",1,0,0,41593,1,0,3363,0,0,1,841
457,0,0,"0841-12-21 02:34:08",0,1,0,41605,1,0,3364,1,0,0,841
458,0,1,"0842-03-20 16:08:44",1,0,0,41617,1,0,3365,0,0,0,842
459,0,0,"0845-09-22 23:46:26",1,0,1,41791,0,0,3379,0,0,1,845
460,0,0,"0845-12-21 01:58:20",0,1,1,41803,0,0,3380,1,0,0,845
461,0,1,"0846-03-20 15:26:14",1,0,1,41815,0,0,3381,0,0,0,846
462,1,0,"0851-06-22 09:18:13",0,0,1,42075,0,0,3402,1,0,0,851
463,1,0,"0855-06-22 08:18:54",0,0,0,42273,1,0,3418,1,0,0,855
464,0,0,"0856-09-22 15:32:42",1,0,1,42335,0,0,3423,0,0,1,856
465,1,0,"0859-06-22 07:32:32",0,0,1,42471,0,0,3434,1,0,0,859
466,0,0,"0860-09-22 14:51:44",1,0,0,42533,1,0,3439,0,0,1,860
467,0,0,"0860-12-20 17:23:10",0,1,0,42545,1,0,3440,1,0,0,860
468,0,1,"0861-03-20 06:35:52",1,0,0,42557,1,0,3441,0,0,0,861
469,0,0,"0864-09-22 14:13:04",1,0,1,42731,0,0,3455,0,0,1,864
470,0,0,"0864-12-20 16:45:14",0,1,1,42743,0,0,3456,1,0,0,864
471,0,1,"0865-03-20 05:56:19",1,0,1,42755,0,0,3457,0,0,0,865
472,0,1,"0869-03-20 05:03:45",1,0,0,42953,1,0,3473,0,0,0,869
473,1,0,"0870-06-21 23:31:05",0,0,1,43015,0,0,3478,1,0,0,870
474,0,0,"0871-09-23 06:45:42",1,0,0,43077,1,0,3483,0,0,1,871
475,1,0,"0874-06-21 22:32:03",0,0,0,43213,1,0,3494,1,0,0,874
476,0,0,"0875-09-23 05:54:26",1,0,1,43275,0,0,3499,0,0,1,875
477,0,0,"0875-12-21 08:41:02",0,1,1,43287,0,0,3500,1,0,0,875
478,1,0,"0878-06-21 21:54:55",0,0,1,43411,0,0,3510,1,0,0,878
479,0,0,"0879-09-23 05:21:51",1,0,0,43473,1,0,3515,0,0,1,879
480,0,0,"0879-12-21 08:04:08",0,1,0,43485,1,0,3516,1,0,0,879
481,0,0,"0883-12-21 07:33:54",0,1,1,43683,0,0,3532,1,0,0,883
482,0,1,"0884-03-19 20:20:21",1,0,1,43695,0,0,3533,0,0,0,884
483,0,1,"0888-03-19 19:39:03",1,0,0,43893,1,0,3549,0,0,0,888
484,1,0,"0889-06-21 13:46:29",0,0,1,43955,0,0,3554,1,0,0,889
485,0,0,"0890-09-22 21:11:31",1,0,0,44017,1,0,3559,0,0,1,890
486,1,0,"0893-06-21 12:46:48",0,0,0,44153,1,0,3570,1,0,0,893
487,0,0,"0894-09-22 20:28:09",1,0,1,44215,0,0,3575,0,0,1,894
488,0,0,"0894-12-20 23:29:22",0,1,1,44227,0,0,3576,1,0,0,894
489,1,0,"0897-06-21 12:00:25",0,0,1,44351,0,0,3586,1,0,0,897
490,0,0,"0898-09-22 19:44:59",1,0,0,44413,1,0,3591,0,0,1,898
491,0,0,"0898-12-20 22:52:31",0,1,0,44425,1,0,3592,1,0,0,898
492,0,0,"0902-12-21 22:11:11",0,1,1,44623,0,0,3608,1,0,0,902
493,0,1,"0903-03-21 10:49:56",1,0,1,44635,0,0,3609,0,0,0,903
494,1,0,"0904-06-22 04:42:25",0,0,0,44697,1,0,3614,1,0,0,904
495,0,1,"0907-03-21 10:04:59",1,0,0,44833,1,0,3625,0,0,0,907
496,1,0,"0908-06-22 03:46:16",0,0,1,44895,0,0,3630,1,0,0,908
497,1,0,"0912-06-22 02:57:54",0,0,0,45093,1,0,3646,1,0,0,912
498,0,0,"0913-09-23 10:58:09",1,0,1,45155,0,0,3651,0,0,1,913
499,0,0,"0913-12-21 14:06:31",0,1,1,45167,0,0,3652,1,0,0,913
500,0,0,"0917-09-23 10:16:36",1,0,0,45353,1,0,3667,0,0,1,917
501,0,0,"0917-12-21 13:34:26",0,1,0,45365,1,0,3668,1,0,0,917
502,0,1,"0918-03-21 01:57:15",1,0,0,45377,1,0,3669,0,0,0,918
503,0,1,"0922-03-21 01:27:20",1,0,1,45575,0,0,3685,0,0,0,922
504,1,0,"0923-06-22 18:57:04",0,0,0,45637,1,0,3690,1,0,0,923
505,0,1,"0926-03-21 00:33:14",1,0,0,45773,1,0,3701,0,0,0,926
506,1,0,"0927-06-22 17:57:27",0,0,1,45835,0,0,3706,1,0,0,927
507,1,0,"0931-06-22 16:59:20",0,0,0,46033,1,0,3722,1,0,0,931
508,0,0,"0932-09-23 01:25:31",1,0,1,46095,0,0,3727,0,0,1,932
509,0,0,"0932-12-21 04:54:25",0,1,1,46107,0,0,3728,1,0,0,932
510,0,0,"0936-09-23 00:45:16",1,0,0,46293,1,0,3743,0,0,1,936
511,0,0,"0936-12-21 04:15:56",0,1,0,46305,1,0,3744,1,0,0,936
512,0,1,"0937-03-20 16:27:59",1,0,0,46317,1,0,3745,0,0,0,937
513,0,1,"0941-03-20 15:42:10",1,0,1,46515,0,0,3761,0,0,0,941
514,1,0,"0942-06-22 09:08:20",0,0,0,46577,1,0,3766,1,0,0,942
515,1,0,"0946-06-22 08:07:47",0,0,1,46775,0,0,3782,1,0,0,946
516,0,0,"0951-09-23 15:55:09",1,0,1,47035,0,0,3803,0,0,1,951
517,0,0,"0951-12-21 19:36:31",0,1,1,47047,0,0,3804,1,0,0,951
518,0,1,"0952-03-20 07:27:58",1,0,1,47059,0,0,3805,0,0,0,952
519,0,0,"0955-09-23 15:15:09",1,0,0,47233,1,0,3819,0,0,1,955
520,0,0,"0955-12-21 19:04:34",0,1,0,47245,1,0,3820,1,0,0,955
521,0,1,"0956-03-20 06:56:05",1,0,0,47257,1,0,3821,0,0,0,956
522,0,1,"0960-03-20 06:13:32",1,0,1,47455,0,0,3837,0,0,0,960
523,1,0,"0965-06-21 22:19:16",0,0,1,47715,0,0,3858,1,0,0,965
524,0,0,"0966-09-23 07:01:51",1,0,0,47777,1,0,3863,0,0,1,966
525,1,0,"0969-06-21 21:33:30",0,0,0,47913,1,0,3874,1,0,0,969
526,0,0,"0970-09-23 06:16:09",1,0,1,47975,0,0,3879,0,0,1,970
527,0,0,"0970-12-21 10:25:11",0,1,1,47987,0,0,3880,1,0,0,970
528,0,0,"0974-09-23 05:46:51",1,0,0,48173,1,0,3895,0,0,1,974
529,0,0,"0974-12-21 09:45:03",0,1,0,48185,1,0,3896,1,0,0,974
530,0,1,"0975-03-20 21:19:10",1,0,0,48197,1,0,3897,0,0,0,975
531,0,0,"0978-12-21 09:16:33",0,1,1,48383,0,0,3912,1,0,0,978
532,0,1,"0979-03-20 20:45:41",1,0,1,48395,0,0,3913,0,0,0,979
533,1,0,"0984-06-21 12:35:14",0,0,1,48655,0,0,3934,1,0,0,984
534,0,0,"0985-09-22 21:36:18",1,0,0,48717,1,0,3939,0,0,1,985
535,1,0,"0988-06-21 11:40:55",0,0,0,48853,1,0,3950,1,0,0,988
536,0,0,"0989-09-22 20:48:13",1,0,1,48915,0,0,3955,0,0,1,989
537,0,0,"0989-12-21 01:08:54",0,1,1,48927,0,0,3956,1,0,0,989
538,0,0,"0993-09-22 20:15:58",1,0,0,49113,1,0,3971,0,0,1,993
539,0,0,"0993-12-21 00:36:32",0,1,0,49125,1,0,3972,1,0,0,993
540,0,1,"0994-03-20 11:58:05",1,0,0,49137,1,0,3973,0,0,0,994
541,0,0,"0997-12-20 23:47:34",0,1,1,49323,0,0,3988,1,0,0,997
542,0,1,"0998-03-20 11:13:05",1,0,1,49335,0,0,3989,0,0,0,998
543,1,0,"0999-06-22 03:33:48",0,0,0,49397,1,0,3994,1,0,0,999
544,1,0,"1003-06-23 02:38:03",0,0,1,49595,0,0,4010,1,0,0,1003
545,0,0,"1004-09-23 12:05:03",1,0,0,49657,1,0,4015,0,0,1,1004
546,1,0,"1007-06-23 01:52:53",0,0,0,49793,1,0,4026,1,0,0,1007
547,0,0,"1008-09-23 11:19:56",1,0,1,49855,0,0,4031,0,0,1,1008
548,0,0,"1008-12-21 15:47:13",0,1,1,49867,0,1,4032,1,0,0,1008
549,0,0,"1012-12-21 15:21:01",0,1,0,50065,1,0,4048,1,0,0,1012
550,0,1,"1013-03-21 02:19:41",1,0,0,50077,1,0,4049,0,0,0,1013
551,0,1,"1017-03-21 01:43:08",1,0,1,50275,0,0,4065,0,0,0,1017
552,1,0,"1018-06-22 17:49:53",0,0,0,50337,1,0,4070,1,1,0,1018
553,1,0,"1022-06-22 16:55:33",0,0,1,50535,0,1,4086,1,0,0,1022
554,0,0,"1023-09-24 02:35:21",1,0,0,50597,1,0,4091,0,0,1,1023
555,0,0,"1023-12-22 07:15:54",0,1,0,50609,1,0,4092,1,0,0,1023
556,1,0,"1026-06-22 15:56:56",0,0,0,50733,1,0,4102,1,1,0,1026
557,0,0,"1027-09-24 01:46:15",1,0,1,50795,0,0,4107,0,0,1,1027
558,0,0,"1027-12-22 06:35:41",0,1,1,50807,0,0,4108,1,0,0,1027
559,0,0,"1031-12-22 06:03:35",0,1,0,51005,1,0,4124,1,1,0,1031
560,0,1,"1032-03-20 16:51:31",1,0,0,51017,1,0,4125,0,0,0,1032
561,1,0,"1033-06-22 09:01:33",0,0,1,51079,0,0,4130,1,0,0,1033
562,0,1,"1036-03-20 15:59:25",1,0,1,51215,0,0,4141,0,0,0,1036
563,1,0,"1037-06-22 08:01:04",0,0,0,51277,1,0,4146,1,0,0,1037
564,1,0,"1041-06-22 07:09:30",0,0,1,51475,0,0,4162,1,0,0,1041
565,0,0,"1042-09-23 16:52:08",1,0,0,51537,1,0,4167,0,0,1,1042
566,0,0,"1042-12-21 22:01:02",0,1,0,51549,1,0,4168,1,0,0,1042
567,0,0,"1046-09-23 16:16:35",1,0,1,51735,0,0,4183,0,1,1,1046
568,0,0,"1046-12-21 21:17:44",0,1,1,51747,0,0,4184,1,0,0,1046
569,0,1,"1047-03-21 07:50:30",1,0,1,51759,0,1,4185,0,0,0,1047
570,0,1,"1051-03-21 07:26:31",1,0,0,51957,1,0,4201,0,1,0,1051
571,1,0,"1052-06-21 23:08:14",0,0,1,52019,0,0,4206,1,0,0,1052
572,0,1,"1055-03-21 06:30:55",1,0,1,52155,0,1,4217,0,0,0,1055
573,1,0,"1056-06-21 22:15:01",0,0,0,52217,1,0,4222,1,0,0,1056
574,1,0,"1060-06-21 21:14:16",0,0,1,52415,0,0,4238,1,0,0,1060
575,0,0,"1061-09-23 07:19:26",1,0,0,52477,1,0,4243,0,0,1,1061
576,0,0,"1061-12-21 12:44:51",0,1,0,52489,1,0,4244,1,0,0,1061
577,0,0,"1065-09-23 06:45:09",1,0,1,52675,0,0,4259,0,0,1,1065
578,0,0,"1065-12-21 12:08:09",0,1,1,52687,0,0,4260,1,0,0,1065
579,0,1,"1066-03-20 22:31:06",1,0,1,52699,0,0,4261,0,0,0,1066
580,0,0,"1069-09-23 06:09:14",1,0,0,52873,1,0,4275,0,0,1,1069
581,0,1,"1070-03-20 21:51:21",1,0,0,52897,1,0,4277,0,0,0,1070
582,1,0,"1075-06-22 12:16:49",0,0,0,53157,1,1,4298,1,0,0,1075
583,1,0,"1079-06-22 11:27:01",0,0,1,53355,0,0,4314,1,0,0,1079
584,0,0,"1080-09-22 21:53:02",1,0,0,53417,1,0,4319,0,0,1,1080
585,0,0,"1084-09-22 21:18:36",1,0,1,53615,0,0,4335,0,0,1,1084
586,0,0,"1084-12-21 02:56:02",0,1,1,53627,0,0,4336,1,0,0,1084
587,0,1,"1085-03-20 12:57:55",1,0,1,53639,0,0,4337,0,0,0,1085
588,0,0,"1088-09-22 20:35:50",1,0,0,53813,1,0,4351,0,0,1,1088
589,0,0,"1088-12-21 02:16:08",0,1,0,53825,1,1,4352,1,0,0,1088
590,0,1,"1089-03-20 12:22:46",1,0,0,53837,1,0,4353,0,0,0,1089
591,1,0,"1094-06-22 02:31:54",0,0,0,54097,1,0,4374,1,0,0,1094
592,0,0,"1095-09-23 13:13:23",1,0,1,54159,0,1,4379,0,0,1,1095
593,1,0,"1098-06-22 01:32:06",0,0,1,54295,0,0,4390,1,0,0,1098
594,0,0,"1099-09-23 12:22:21",1,0,0,54357,1,0,4395,0,1,1,1099
595,0,0,"1103-09-24 11:44:53",1,0,1,54555,0,1,4411,0,0,1,1103
596,0,0,"1103-12-22 17:33:44",0,1,1,54567,0,0,4412,1,0,0,1103
597,0,1,"1104-03-21 03:23:27",1,0,1,54579,0,0,4413,0,1,0,1104
598,0,0,"1107-12-22 17:02:19",0,1,0,54765,1,0,4428,1,0,0,1107
599,0,1,"1108-03-21 02:41:50",1,0,0,54777,1,0,4429,0,0,0,1108
600,1,0,"1113-06-22 16:50:42",0,0,0,55037,1,0,4450,1,0,0,1113
601,0,0,"1114-09-24 03:34:11",1,0,1,55099,0,0,4455,0,0,1,1114
602,1,0,"1117-06-22 15:49:26",0,0,1,55235,0,0,4466,1,0,0,1117
603,0,0,"1118-09-24 02:49:51",1,0,0,55297,1,0,4471,0,0,1,1118
604,0,0,"1118-12-22 08:52:51",0,1,0,55309,1,0,4472,1,0,0,1118
605,0,0,"1122-09-24 02:08:28",1,0,1,55495,0,1,4487,0,0,1,1122
606,0,0,"1122-12-22 08:25:01",0,1,1,55507,0,0,4488,1,0,0,1122
607,0,1,"1123-03-21 18:00:23",1,0,1,55519,0,0,4489,0,0,0,1123
608,0,0,"1126-12-22 07:41:32",0,1,0,55705,1,0,4504,1,0,0,1126
609,0,1,"1127-03-21 17:13:29",1,0,0,55717,1,0,4505,0,0,0,1127
610,1,0,"1128-06-22 07:55:07",0,0,1,55779,0,1,4510,1,0,0,1128
611,1,0,"1132-06-22 06:55:18",0,0,0,55977,1,0,4526,1,1,0,1132
612,0,0,"1133-09-23 17:59:58",1,0,1,56039,0,0,4531,0,0,1,1133
613,1,0,"1136-06-22 06:01:21",0,0,1,56175,0,0,4542,1,0,0,1136
614,0,0,"1137-09-23 17:12:13",1,0,0,56237,1,0,4547,0,0,1,1137
615,0,0,"1137-12-21 23:38:32",0,1,0,56249,1,0,4548,1,1,0,1137
616,0,0,"1141-12-21 23:03:23",0,1,1,56447,0,1,4564,1,0,0,1141
617,0,1,"1142-03-21 08:24:56",1,0,1,56459,0,0,4565,0,0,0,1142
618,0,0,"1145-12-21 22:30:27",0,1,0,56645,1,0,4580,1,1,0,1145
619,0,1,"1146-03-21 07:46:54",1,0,0,56657,1,0,4581,0,0,0,1146
620,1,0,"1147-06-22 22:00:07",0,0,1,56719,0,0,4586,1,0,0,1147
621,0,1,"1150-03-21 06:56:30",1,0,1,56855,0,0,4597,0,0,0,1150
622,1,0,"1151-06-22 21:03:22",0,0,0,56917,1,0,4602,1,1,0,1151
623,0,0,"1152-09-23 08:28:24",1,0,1,56979,0,0,4607,0,0,1,1152
624,0,0,"1152-12-21 14:57:31",0,1,1,56991,0,0,4608,1,0,0,1152
625,0,0,"1156-09-23 07:44:37",1,0,0,57177,1,0,4623,0,0,1,1156
626,0,0,"1156-12-21 14:25:56",0,1,0,57189,1,0,4624,1,0,0,1156
627,0,0,"1160-12-21 13:46:33",0,1,1,57387,0,0,4640,1,0,0,1160
628,0,1,"1161-03-20 22:59:17",1,0,1,57399,0,1,4641,0,0,0,1161
629,1,0,"1162-06-22 12:59:03",0,0,0,57461,1,0,4646,1,0,0,1162
630,0,1,"1165-03-20 22:11:26",1,0,0,57597,1,0,4657,0,0,0,1165
631,1,0,"1166-06-22 12:06:57",0,0,1,57659,0,0,4662,1,0,0,1166
632,0,1,"1169-03-20 21:24:22",1,0,1,57795,0,0,4673,0,0,0,1169
633,1,0,"1170-06-22 11:06:06",0,0,0,57857,1,0,4678,1,0,0,1170
634,0,0,"1171-09-23 22:53:51",1,0,1,57919,0,0,4683,0,0,1,1171
635,0,0,"1171-12-22 05:46:16",0,1,1,57931,0,0,4684,1,0,0,1171
636,0,0,"1175-09-23 22:13:20",1,0,0,58117,1,0,4699,0,0,1,1175
637,0,0,"1175-12-22 05:01:51",0,1,0,58129,1,0,4700,1,0,0,1175
638,0,1,"1176-03-20 13:57:28",1,0,0,58141,1,0,4701,0,0,0,1176
639,0,0,"1179-09-23 21:36:07",1,0,1,58315,0,0,4715,0,1,1,1179
640,0,0,"1179-12-22 04:35:33",0,1,1,58327,0,0,4716,1,0,0,1179
641,0,1,"1180-03-20 13:21:13",1,0,1,58339,0,1,4717,0,0,0,1180
642,0,1,"1184-03-20 12:42:47",1,0,0,58537,1,0,4733,0,1,0,1184
643,1,0,"1185-06-22 02:25:36",0,0,1,58599,0,0,4738,1,0,0,1185
644,1,0,"1189-06-22 01:22:02",0,0,0,58797,1,0,4754,1,0,0,1189
645,0,0,"1190-09-23 13:21:34",1,0,1,58859,0,0,4759,0,0,1,1190
646,0,0,"1194-09-23 12:38:47",1,0,0,59057,1,0,4775,0,0,1,1194
647,0,0,"1194-12-21 19:53:56",0,1,0,59069,1,1,4776,1,0,0,1194
648,0,1,"1195-03-21 04:30:09",1,0,0,59081,1,0,4777,0,0,0,1195
649,0,0,"1198-09-23 12:00:07",1,0,1,59255,0,0,4791,0,0,1,1198
650,0,0,"1198-12-21 19:13:39",0,1,1,59267,0,0,4792,1,0,0,1198
651,0,1,"1199-03-21 03:48:12",1,0,1,59279,0,0,4793,0,0,0,1199
652,0,1,"1203-03-21 03:04:30",1,0,0,59477,1,0,4809,0,0,0,1203
653,1,0,"1204-06-21 16:32:14",0,0,1,59539,0,0,4814,1,0,0,1204
654,1,0,"1208-06-21 15:40:31",0,0,0,59737,1,1,4830,1,0,0,1208
655,0,0,"1209-09-23 03:45:13",1,0,1,59799,0,0,4835,0,0,1,1209
656,0,0,"1213-09-23 03:05:57",1,0,0,59997,1,0,4851,0,0,1,1213
657,0,0,"1213-12-21 10:38:48",0,1,0,60009,1,0,4852,1,0,0,1213
658,0,1,"1214-03-20 18:55:29",1,0,0,60021,1,0,4853,0,0,0,1214
659,0,0,"1217-09-23 02:25:14",1,0,1,60195,0,0,4867,0,0,1,1217
660,0,0,"1217-12-21 10:02:09",0,1,1,60207,0,0,4868,1,0,0,1217
661,0,1,"1218-03-20 18:23:31",1,0,1,60219,0,0,4869,0,0,0,1218
662,1,0,"1223-06-22 06:44:21",0,0,1,60479,0,0,4890,1,0,0,1223
663,0,0,"1224-09-22 19:05:29",1,0,0,60541,1,0,4895,0,0,1,1224
664,1,0,"1227-06-22 05:43:19",0,0,0,60677,1,0,4906,1,0,0,1227
665,0,0,"1228-09-22 18:18:18",1,0,1,60739,0,1,4911,0,0,1,1228
666,0,0,"1232-09-22 17:26:00",1,0,0,60937,1,0,4927,0,1,1,1232
667,0,0,"1232-12-21 01:16:27",0,1,0,60949,1,0,4928,1,0,0,1232
668,0,1,"1233-03-20 09:32:17",1,0,0,60961,1,0,4929,0,0,0,1233
669,0,0,"1236-12-21 00:44:43",0,1,1,61147,0,0,4944,1,0,0,1236
670,0,1,"1237-03-20 08:50:19",1,0,1,61159,0,0,4945,0,1,0,1237
671,0,1,"1241-03-20 08:14:34",1,0,0,61357,1,0,4961,0,0,0,1241
672,1,0,"1242-06-21 20:50:20",0,0,1,61419,0,0,4966,1,0,0,1242
673,0,0,"1243-09-23 09:32:04",1,0,0,61481,1,0,4971,0,0,1,1243
674,1,0,"1246-06-21 19:55:06",0,0,0,61617,1,0,4982,1,0,0,1246
675,0,0,"1247-09-23 08:45:03",1,0,1,61679,0,0,4987,0,0,1,1247
676,0,0,"1247-12-21 16:37:11",0,1,1,61691,0,1,4988,1,0,0,1247
677,0,0,"1251-09-23 08:00:40",1,0,0,61877,1,0,5003,0,0,1,1251
678,0,0,"1251-12-21 16:04:32",0,1,0,61889,1,0,5004,1,1,0,1251
679,0,0,"1255-12-21 15:31:18",0,1,1,62087,0,0,5020,1,0,0,1255
680,0,1,"1256-03-19 23:24:47",1,0,1,62099,0,0,5021,0,0,0,1256
681,1,0,"1257-06-21 12:02:14",0,0,0,62161,1,0,5026,1,1,0,1257
682,0,1,"1260-03-19 22:31:23",1,0,0,62297,1,0,5037,0,0,0,1260
683,1,0,"1261-06-21 10:57:24",0,0,1,62359,0,1,5042,1,0,0,1261
684,0,0,"1262-09-22 23:56:12",1,0,0,62421,1,0,5047,0,0,1,1262
685,1,0,"1265-06-21 10:06:28",0,0,0,62557,1,0,5058,1,1,0,1265
686,0,0,"1266-09-22 23:06:01",1,0,1,62619,0,0,5063,0,0,1,1266
687,0,0,"1266-12-21 07:27:08",0,1,1,62631,0,0,5064,1,0,0,1266
688,0,0,"1270-09-22 22:30:05",1,0,0,62817,1,0,5079,0,0,1,1270
689,0,0,"1270-12-21 06:43:27",0,1,0,62829,1,0,5080,1,0,0,1270
690,0,1,"1271-03-20 14:24:41",1,0,0,62841,1,0,5081,0,0,0,1271
691,0,0,"1274-12-21 06:20:08",0,1,1,63027,0,1,5096,1,0,0,1274
692,0,1,"1275-03-20 13:49:06",1,0,1,63039,0,0,5097,0,0,0,1275
693,1,0,"1276-06-21 02:10:40",0,0,0,63101,1,0,5102,1,0,0,1276
694,0,1,"1279-03-20 13:02:21",1,0,0,63237,1,0,5113,0,0,0,1279
695,1,0,"1280-06-21 01:16:39",0,0,1,63299,0,0,5118,1,0,0,1280
696,0,0,"1285-09-22 13:33:14",1,0,1,63559,0,0,5139,0,1,1,1285
697,0,0,"1285-12-20 22:14:41",0,1,1,63571,0,0,5140,1,0,0,1285
698,0,0,"1289-09-22 12:54:01",1,0,0,63757,1,0,5155,0,0,1,1289
699,0,0,"1289-12-20 21:34:41",0,1,0,63769,1,0,5156,1,0,0,1289
700,0,1,"1290-03-20 04:58:58",1,0,0,63781,1,0,5157,0,1,0,1290
701,0,1,"1294-03-20 04:21:00",1,0,1,63979,0,1,5173,0,0,0,1294
702,1,0,"1295-06-21 16:19:56",0,0,0,64041,1,0,5178,1,0,0,1295
703,0,1,"1298-03-20 03:25:59",1,0,0,64177,1,0,5189,0,0,0,1298
704,1,0,"1299-06-21 15:22:47",0,0,1,64239,0,0,5194,1,0,0,1299
705,0,0,"1304-09-23 03:56:54",1,0,1,64499,0,0,5215,0,0,1,1304
706,0,0,"1304-12-21 12:49:38",0,1,1,64511,0,0,5216,1,0,0,1304
707,0,1,"1305-03-20 20:11:32",1,0,1,64523,0,0,5217,0,0,0,1305
708,0,0,"1308-09-23 03:28:07",1,0,0,64697,1,0,5231,0,0,1,1308
709,0,0,"1308-12-21 12:20:20",0,1,0,64709,1,0,5232,1,0,0,1308
710,0,1,"1309-03-20 19:24:06",1,0,0,64721,1,0,5233,0,0,0,1309
711,0,1,"1313-03-20 18:58:07",1,0,1,64919,0,0,5249,0,0,0,1313
712,1,0,"1314-06-22 06:29:06",0,0,0,64981,1,1,5254,1,0,0,1314
713,1,0,"1318-06-22 05:34:03",0,0,1,65179,0,0,5270,1,0,0,1318
714,0,0,"1323-09-23 18:28:27",1,0,1,65439,0,0,5291,0,0,1,1323
715,0,0,"1323-12-22 03:35:35",0,1,1,65451,0,0,5292,1,0,0,1323
716,0,1,"1324-03-20 10:41:11",1,0,1,65463,0,0,5293,0,0,0,1324
717,0,0,"1327-09-23 17:50:31",1,0,0,65637,1,0,5307,0,0,1,1327
718,0,0,"1327-12-22 03:02:44",0,1,0,65649,1,1,5308,1,0,0,1327
719,0,1,"1328-03-20 10:03:39",1,0,0,65661,1,0,5309,0,0,0,1328
720,0,1,"1332-03-20 09:17:16",1,0,1,65859,0,0,5325,0,0,0,1332
721,1,0,"1333-06-21 20:36:04",0,0,0,65921,1,0,5330,1,0,0,1333
722,1,0,"1337-06-21 19:46:49",0,0,1,66119,0,0,5346,1,0,0,1337
723,0,0,"1338-09-23 09:41:16",1,0,0,66181,1,0,5351,0,1,1,1338
724,0,0,"1342-09-23 08:56:31",1,0,1,66379,0,1,5367,0,0,1,1342
725,0,0,"1342-12-21 18:15:38",0,1,1,66391,0,0,5368,1,0,0,1342
726,0,0,"1346-09-23 08:18:01",1,0,0,66577,1,0,5383,0,0,1,1346
727,0,0,"1346-12-21 17:50:29",0,1,0,66589,1,0,5384,1,0,0,1346
728,0,1,"1347-03-21 00:31:51",1,0,0,66601,1,0,5385,0,0,0,1347
729,0,0,"1350-12-21 17:07:32",0,1,1,66787,0,0,5400,1,0,0,1350
730,0,1,"1351-03-20 23:48:33",1,0,1,66799,0,0,5401,0,0,0,1351
731,1,0,"1352-06-21 10:55:27",0,0,0,66861,1,0,5406,1,0,0,1352
732,1,0,"1356-06-21 09:56:55",0,0,1,67059,0,0,5422,1,0,0,1356
733,0,0,"1357-09-23 00:03:03",1,0,0,67121,1,0,5427,0,0,1,1357
734,1,0,"1360-06-21 09:01:40",0,0,0,67257,1,0,5438,1,0,0,1360
735,0,0,"1361-09-22 23:14:59",1,0,1,67319,0,0,5443,0,0,1,1361
736,0,0,"1361-12-21 09:04:09",0,1,1,67331,0,0,5444,1,0,0,1361
737,0,0,"1365-12-21 08:29:24",0,1,0,67529,1,0,5460,1,0,0,1365
738,0,1,"1366-03-20 14:58:43",1,0,0,67541,1,0,5461,0,0,0,1366
739,0,0,"1369-12-21 07:55:17",0,1,1,67727,0,0,5476,1,0,0,1369
740,0,1,"1370-03-20 14:13:04",1,0,1,67739,0,0,5477,0,0,0,1370
741,1,0,"1371-06-22 01:01:30",0,0,0,67801,1,0,5482,1,1,0,1371
742,0,0,"1372-09-22 15:23:12",1,0,1,67863,0,0,5487,0,0,1,1372
743,1,0,"1375-06-22 00:09:34",0,0,1,67999,0,0,5498,1,0,0,1375
744,0,0,"1376-09-22 14:24:52",1,0,0,68061,1,0,5503,0,0,1,1376
745,0,0,"1380-09-22 13:45:56",1,0,1,68259,0,0,5519,0,0,1,1380
746,0,0,"1380-12-20 23:51:05",0,1,1,68271,0,1,5520,1,0,0,1380
747,0,0,"1384-12-20 23:17:11",0,1,0,68469,1,0,5536,1,1,0,1384
748,0,1,"1385-03-20 05:36:42",1,0,0,68481,1,0,5537,0,0,0,1385
749,1,0,"1386-06-21 16:05:52",0,0,1,68543,0,0,5542,1,0,0,1386
750,0,1,"1389-03-20 04:44:31",1,0,1,68679,0,0,5553,0,0,0,1389
751,1,0,"1390-06-21 15:09:10",0,0,0,68741,1,0,5558,1,0,0,1390
752,1,0,"1394-06-21 14:10:43",0,0,1,68939,0,1,5574,1,0,0,1394
753,0,0,"1395-09-23 04:53:02",1,0,0,69001,1,0,5579,0,0,1,1395
754,0,0,"1395-12-21 15:06:53",0,1,0,69013,1,0,5580,1,0,0,1395
755,0,0,"1399-09-23 04:15:27",1,0,1,69199,0,0,5595,0,0,1,1399
756,0,0,"1399-12-21 14:29:27",0,1,1,69211,0,0,5596,1,0,0,1399
757,0,1,"1400-03-20 20:39:26",1,0,1,69223,0,1,5597,0,0,0,1400
758,0,0,"1403-12-22 13:58:30",0,1,0,69409,1,0,5612,1,0,0,1403
759,0,1,"1404-03-20 19:57:19",1,0,0,69421,1,0,5613,0,0,0,1404
760,1,0,"1405-06-22 06:04:53",0,0,1,69483,0,0,5618,1,0,0,1405
761,0,1,"1408-03-20 19:22:19",1,0,1,69619,0,0,5629,0,0,0,1408
762,1,0,"1409-06-22 05:22:49",0,0,0,69681,1,0,5634,1,0,0,1409
763,0,0,"1414-09-23 19:25:03",1,0,0,69941,1,0,5655,0,0,1,1414
764,0,0,"1414-12-22 05:48:57",0,1,0,69953,1,0,5656,1,0,0,1414
765,0,0,"1418-09-23 18:42:05",1,0,1,70139,0,0,5671,0,0,1,1418
766,0,0,"1418-12-22 05:18:20",0,1,1,70151,0,0,5672,1,0,0,1418
767,0,1,"1419-03-21 11:10:13",1,0,1,70163,0,0,5673,0,0,0,1419
768,0,0,"1422-12-22 04:39:11",0,1,0,70349,1,0,5688,1,0,0,1422
769,0,1,"1423-03-21 10:30:27",1,0,0,70361,1,0,5689,0,1,0,1423
770,1,0,"1424-06-21 20:26:06",0,0,1,70423,0,0,5694,1,0,0,1424
771,0,1,"1427-03-21 09:39:11",1,0,1,70559,0,1,5705,0,0,0,1427
772,1,0,"1428-06-21 19:34:44",0,0,0,70621,1,0,5710,1,0,0,1428
773,0,0,"1433-09-23 09:43:28",1,0,0,70881,1,0,5731,0,0,1,1433
774,0,0,"1433-12-21 20:35:46",0,1,0,70893,1,1,5732,1,0,0,1433
775,0,0,"1437-09-23 09:05:47",1,0,1,71079,0,0,5747,0,0,1,1437
776,0,0,"1437-12-21 19:58:14",0,1,1,71091,0,0,5748,1,0,0,1437
777,0,1,"1438-03-21 01:32:02",1,0,1,71103,0,0,5749,0,0,0,1438
778,0,0,"1441-12-21 19:27:13",0,1,0,71289,1,0,5764,1,0,0,1441
779,0,1,"1442-03-21 01:00:40",1,0,0,71301,1,0,5765,0,0,0,1442
780,1,0,"1443-06-22 10:39:11",0,0,1,71363,0,0,5770,1,0,0,1443
781,1,0,"1447-06-22 09:51:24",0,0,0,71561,1,0,5786,1,0,0,1447
782,1,0,"1451-06-22 08:46:00",0,0,1,71759,0,0,5802,1,1,0,1451
783,0,0,"1452-09-23 00:07:06",1,0,0,71821,1,0,5807,0,0,1,1452
784,0,0,"1456-09-22 23:25:05",1,0,1,72019,0,0,5823,0,0,1,1456
785,0,0,"1456-12-21 10:46:36",0,1,1,72031,0,0,5824,1,0,0,1456
786,0,1,"1457-03-20 16:13:13",1,0,1,72043,0,0,5825,0,0,0,1457
787,0,0,"1460-12-21 10:05:03",0,1,0,72229,1,0,5840,1,0,0,1460
788,0,1,"1461-03-20 15:26:05",1,0,0,72241,1,0,5841,0,0,0,1461
789,1,0,"1462-06-22 00:48:33",0,0,1,72303,0,0,5846,1,0,0,1462
790,1,0,"1466-06-21 23:49:48",0,0,0,72501,1,0,5862,1,0,0,1466
791,0,0,"1467-09-23 15:21:42",1,0,1,72563,0,1,5867,0,0,1,1467
792,1,0,"1470-06-21 22:59:33",0,0,1,72699,0,0,5878,1,0,0,1470
793,0,0,"1471-09-23 14:37:48",1,0,0,72761,1,0,5883,0,1,1,1471
794,0,0,"1475-09-23 13:54:12",1,0,1,72959,0,1,5899,0,0,1,1475
795,0,0,"1475-12-22 01:29:13",0,1,1,72971,0,0,5900,1,0,0,1475
796,0,1,"1476-03-20 06:40:14",1,0,1,72983,0,0,5901,0,0,0,1476
797,0,0,"1479-12-22 00:55:08",0,1,0,73169,1,0,5916,1,0,0,1479
798,0,1,"1480-03-20 06:06:38",1,0,0,73181,1,1,5917,0,0,0,1480
799,1,0,"1481-06-21 15:00:42",0,0,1,73243,0,0,5922,1,0,0,1481
800,1,0,"1485-06-21 13:58:24",0,0,0,73441,1,0,5938,1,0,0,1485
801,0,0,"1486-09-23 05:52:55",1,0,1,73503,0,0,5943,0,0,1,1486
802,1,0,"1489-06-21 13:03:21",0,0,1,73639,0,0,5954,1,0,0,1489
803,0,0,"1490-09-23 05:04:41",1,0,0,73701,1,0,5959,0,0,1,1490
804,0,0,"1490-12-21 16:46:37",0,1,0,73713,1,0,5960,1,1,0,1490
805,0,0,"1494-12-21 16:07:17",0,1,1,73911,0,0,5976,1,0,0,1494
806,0,1,"1495-03-20 21:11:06",1,0,1,73923,0,0,5977,0,0,0,1495
807,0,0,"1498-12-21 15:39:28",0,1,0,74109,1,0,5992,1,0,0,1498
808,0,1,"1499-03-20 20:26:36",1,0,0,74121,1,0,5993,0,0,0,1499
809,1,0,"1500-06-22 05:07:30",0,0,1,74183,0,1,5998,1,0,0,1500
810,0,1,"1503-03-21 19:46:06",1,0,1,74319,0,0,6009,0,0,0,1503
811,1,0,"1504-06-22 04:14:17",0,0,0,74381,1,0,6014,1,1,0,1504
812,0,0,"1505-09-23 20:13:08",1,0,1,74443,0,0,6019,0,0,1,1505
813,0,0,"1509-09-23 19:32:45",1,0,0,74641,1,0,6035,0,0,1,1509
814,0,0,"1509-12-22 07:30:22",0,1,0,74653,1,0,6036,1,0,0,1509
815,0,0,"1513-12-22 06:56:26",0,1,1,74851,0,1,6052,1,0,0,1513
816,0,1,"1514-03-21 11:41:49",1,0,1,74863,0,0,6053,0,0,0,1514
817,1,0,"1515-06-22 20:09:12",0,0,0,74925,1,0,6058,1,0,0,1515
818,0,0,"1517-12-22 06:20:51",0,1,0,75049,1,0,6068,1,1,0,1517
819,0,1,"1518-03-21 11:00:58",1,0,0,75061,1,0,6069,0,0,0,1518
820,1,0,"1519-06-22 19:27:57",0,0,1,75123,0,0,6074,1,0,0,1519
821,0,1,"1522-03-21 10:03:36",1,0,1,75259,0,0,6085,0,0,0,1522
822,1,0,"1523-06-22 18:25:16",0,0,0,75321,1,0,6090,1,0,0,1523
823,0,0,"1524-09-23 10:37:24",1,0,1,75383,0,0,6095,0,1,1,1524
824,0,0,"1528-09-23 09:50:06",1,0,0,75581,1,0,6111,0,0,1,1528
825,0,0,"1528-12-21 22:17:31",0,1,0,75593,1,0,6112,1,0,0,1528
826,0,1,"1529-03-21 02:50:00",1,0,0,75605,1,0,6113,0,1,0,1529
827,0,0,"1532-12-21 21:36:39",0,1,1,75791,0,0,6128,1,0,0,1532
828,0,1,"1533-03-21 02:05:16",1,0,1,75803,0,1,6129,0,0,0,1533
829,1,0,"1534-06-22 10:19:45",0,0,0,75865,1,0,6134,1,0,0,1534
830,0,1,"1537-03-21 01:37:55",1,0,0,76001,1,0,6145,0,1,0,1537
831,1,0,"1538-06-22 09:34:26",0,0,1,76063,0,0,6150,1,0,0,1538
832,0,0,"1543-09-24 01:09:38",1,0,1,76323,0,0,6171,0,0,1,1543
833,0,0,"1547-09-24 00:13:09",1,0,0,76521,1,0,6187,0,0,1,1547
834,0,0,"1547-12-22 13:00:27",0,1,0,76533,1,0,6188,1,0,0,1547
835,0,1,"1548-03-20 17:22:14",1,0,0,76545,1,0,6189,0,0,0,1548
836,0,0,"1551-09-23 23:39:56",1,0,1,76719,0,0,6203,0,0,1,1551
837,0,0,"1551-12-22 12:25:37",0,1,1,76731,0,0,6204,1,0,0,1551
838,0,1,"1552-03-20 16:46:58",1,0,1,76743,0,0,6205,0,0,0,1552
839,1,0,"1553-06-22 00:33:06",0,0,0,76805,1,1,6210,1,0,0,1553
840,0,1,"1556-03-20 16:04:03",1,0,0,76941,1,0,6221,0,1,0,1556
841,1,0,"1557-06-21 23:40:03",0,0,1,77003,0,0,6226,1,0,0,1557
842,1,0,"1561-06-21 22:41:07",0,0,0,77201,1,0,6242,1,0,0,1561
843,0,0,"1562-09-23 15:30:35",1,0,1,77263,0,0,6247,0,0,1,1562
844,0,0,"1566-09-23 14:43:11",1,0,0,77461,1,0,6263,0,0,1,1566
845,0,0,"1566-12-22 03:33:52",0,1,0,77473,1,0,6264,1,0,0,1566
846,0,1,"1567-03-21 07:51:20",1,0,0,77485,1,0,6265,0,0,0,1567
847,0,0,"1570-09-23 14:10:48",1,0,1,77659,0,0,6279,0,0,1,1570
848,0,0,"1570-12-22 03:11:54",0,1,1,77671,0,0,6280,1,1,0,1570
849,0,1,"1571-03-21 07:14:48",1,0,1,77683,0,0,6281,0,0,0,1571
850,1,0,"1576-06-21 13:52:43",0,0,1,77943,0,0,6302,1,0,0,1576
851,1,0,"1580-06-21 12:54:16",0,0,0,78141,1,0,6318,1,0,0,1580
852,0,0,"1581-09-23 05:55:09",1,0,1,78203,0,1,6323,0,0,1,1581
853,0,0,"1585-09-23 05:09:20",1,0,0,78401,1,0,6339,0,0,1,1585
854,0,0,"1585-12-21 18:23:17",0,1,0,78413,1,0,6340,1,0,0,1585
855,0,1,"1586-03-20 22:23:12",1,0,0,78425,1,0,6341,0,0,0,1586
856,0,0,"1589-09-23 04:34:26",1,0,1,78599,0,0,6355,0,0,1,1589
857,0,0,"1589-12-21 17:49:50",0,1,1,78611,0,0,6356,1,0,0,1589
858,0,1,"1590-03-20 21:44:11",1,0,1,78623,0,0,6357,0,0,0,1590
859,0,0,"1593-12-21 17:12:59",0,1,0,78809,1,0,6372,1,0,0,1593
860,1,0,"1595-06-22 03:58:34",0,0,1,78883,0,0,6378,1,0,0,1595
861,0,0,"1596-09-22 21:04:24",1,0,0,78945,1,0,6383,0,0,1,1596
862,1,0,"1599-06-22 03:14:31",0,0,0,79081,1,0,6394,1,0,0,1599
863,0,0,"1600-09-22 20:13:14",1,0,1,79143,0,0,6399,0,0,1,1600
864,0,0,"1604-09-22 19:35:58",1,0,0,79341,1,0,6415,0,1,1,1604
865,0,0,"1604-12-21 09:06:05",0,1,0,79353,1,0,6416,1,0,0,1604
866,0,1,"1605-03-20 12:42:30",1,0,0,79365,1,0,6417,0,0,0,1605
867,0,0,"1608-12-21 08:40:14",0,1,1,79551,0,0,6432,1,0,0,1608
868,0,1,"1609-03-20 12:20:13",1,0,1,79563,0,0,6433,0,0,0,1609
869,1,0,"1610-06-21 19:07:45",0,0,0,79625,1,0,6438,1,1,0,1610
870,0,0,"1612-12-21 07:50:38",0,1,0,79749,1,0,6448,1,0,0,1612
871,0,1,"1613-03-20 11:28:28",1,0,0,79761,1,1,6449,0,0,0,1613
872,1,0,"1614-06-21 18:17:03",0,0,1,79823,0,0,6454,1,0,0,1614
873,0,0,"1615-09-23 11:33:28",1,0,0,79885,1,0,6459,0,0,1,1615
874,1,0,"1618-06-21 17:18:32",0,0,0,80021,1,0,6470,1,0,0,1618
875,0,0,"1619-09-23 10:36:02",1,0,1,80083,0,0,6475,0,0,1,1619
876,0,0,"1619-12-22 00:31:36",0,1,1,80095,0,1,6476,1,0,0,1619
877,0,0,"1623-09-23 09:58:07",1,0,0,80281,1,0,6491,0,0,1,1623
878,0,0,"1623-12-21 23:52:55",0,1,0,80293,1,0,6492,1,1,0,1623
879,0,1,"1624-03-20 03:22:31",1,0,0,80305,1,0,6493,0,0,0,1624
880,1,0,"1625-06-21 09:59:27",0,0,1,80367,0,0,6498,1,0,0,1625
881,0,0,"1627-12-21 23:14:59",0,1,1,80491,0,1,6508,1,0,0,1627
882,0,1,"1628-03-20 02:46:12",1,0,1,80503,0,0,6509,0,0,0,1628
883,1,0,"1629-06-21 09:13:04",0,0,0,80565,1,0,6514,1,0,0,1629
884,0,1,"1632-03-20 02:03:28",1,0,0,80701,1,0,6525,0,0,0,1632
885,1,0,"1633-06-21 08:22:19",0,0,1,80763,0,1,6530,1,0,0,1633
886,0,0,"1634-09-23 01:56:45",1,0,0,80825,1,0,6535,0,0,1,1634
887,0,0,"1638-09-23 01:05:41",1,0,1,81023,0,0,6551,0,0,1,1638
888,0,0,"1638-12-21 15:05:01",0,1,1,81035,0,0,6552,1,0,0,1638
889,0,0,"1642-12-21 14:38:36",0,1,0,81233,1,0,6568,1,0,0,1642
890,0,1,"1643-03-20 17:56:54",1,0,0,81245,1,0,6569,0,0,0,1643
891,1,0,"1644-06-21 00:06:38",0,0,1,81307,0,0,6574,1,0,0,1644
892,0,0,"1646-12-21 13:57:40",0,1,1,81431,0,1,6584,1,0,0,1646
893,0,1,"1647-03-20 17:22:08",1,0,1,81443,0,0,6585,0,0,0,1647
894,1,0,"1648-06-20 23:27:06",0,0,0,81505,1,0,6590,1,0,0,1648
895,0,1,"1651-03-20 16:30:42",1,0,0,81641,1,0,6601,0,0,0,1651
896,1,0,"1652-06-20 22:31:27",0,0,1,81703,0,0,6606,1,0,0,1652
897,0,0,"1657-09-22 15:26:47",1,0,1,81963,0,0,6627,0,0,1,1657
898,0,0,"1657-12-21 05:52:52",0,1,1,81975,0,0,6628,1,0,0,1657
899,0,1,"1658-03-20 09:04:41",1,0,1,81987,0,0,6629,0,0,0,1658
900,0,0,"1661-09-22 14:50:50",1,0,0,82161,1,1,6643,0,0,1,1661
901,0,0,"1661-12-21 05:14:08",0,1,0,82173,1,0,6644,1,0,0,1661
902,0,1,"1662-03-20 08:23:54",1,0,0,82185,1,0,6645,0,1,0,1662
903,1,0,"1663-06-21 14:27:14",0,0,1,82247,0,0,6650,1,0,0,1663
904,0,1,"1666-03-20 07:44:29",1,0,1,82383,0,1,6661,0,0,0,1666
905,1,0,"1667-06-21 13:34:47",0,0,0,82445,1,0,6666,1,0,0,1667
906,1,0,"1671-06-21 12:48:27",0,0,1,82643,0,0,6682,1,0,0,1671
907,0,0,"1676-09-22 05:50:15",1,0,1,82903,0,0,6703,0,0,1,1676
908,0,0,"1676-12-20 20:36:52",0,1,1,82915,0,0,6704,1,0,0,1676
909,0,1,"1677-03-19 23:25:55",1,0,1,82927,0,0,6705,0,0,0,1677
910,0,0,"1680-09-22 05:12:23",1,0,0,83101,1,0,6719,0,0,1,1680
911,0,0,"1680-12-20 20:04:39",0,1,0,83113,1,0,6720,1,0,0,1680
912,0,1,"1681-03-19 22:59:57",1,0,0,83125,1,0,6721,0,0,0,1681
913,0,1,"1685-03-19 22:14:37",1,0,1,83323,0,0,6737,0,0,0,1685
914,1,0,"1686-06-21 03:52:15",0,0,0,83385,1,0,6742,1,0,0,1686
915,1,0,"1690-06-21 02:52:49",0,0,1,83583,0,0,6758,1,1,0,1690
916,0,0,"1691-09-22 20:58:32",1,0,0,83645,1,0,6763,0,0,1,1691
917,0,0,"1695-09-22 20:12:01",1,0,1,83843,0,0,6779,0,0,1,1695
918,0,1,"1696-03-19 14:03:05",1,0,1,83867,0,0,6781,0,0,0,1696
919,0,0,"1699-09-22 19:38:04",1,0,0,84041,1,0,6795,0,0,1,1699
920,0,0,"1699-12-21 10:47:06",0,1,0,84053,1,0,6796,1,0,0,1699
921,0,1,"1700-03-20 13:26:08",1,0,0,84065,1,0,6797,0,0,0,1700
922,0,0,"1703-12-22 10:09:15",0,1,1,84251,0,0,6812,1,1,0,1703
923,0,1,"1704-03-20 12:48:54",1,0,1,84263,0,0,6813,0,0,0,1704
924,1,0,"1705-06-21 17:59:42",0,0,0,84325,1,0,6818,1,0,0,1705
925,1,0,"1709-06-21 17:05:05",0,0,1,84523,0,0,6834,1,0,0,1709
926,0,0,"1710-09-23 11:25:58",1,0,0,84585,1,0,6839,0,1,1,1710
927,0,0,"1714-09-23 10:42:47",1,0,1,84783,0,1,6855,0,0,1,1714
928,0,0,"1718-09-23 09:58:49",1,0,0,84981,1,0,6871,0,1,1,1718
929,0,0,"1718-12-22 01:26:14",0,1,0,84993,1,0,6872,1,0,0,1718
930,0,1,"1719-03-21 04:03:23",1,0,0,85005,1,1,6873,0,0,0,1719
931,0,0,"1722-12-22 00:49:05",0,1,1,85191,0,0,6888,1,0,0,1722
932,0,1,"1723-03-21 03:17:18",1,0,1,85203,0,0,6889,0,0,0,1723
933,1,0,"1724-06-21 08:06:15",0,0,0,85265,1,0,6894,1,0,0,1724
934,0,0,"1725-09-23 02:46:33",1,0,1,85327,0,0,6899,0,0,1,1725
935,1,0,"1728-06-21 07:10:54",0,0,1,85463,0,0,6910,1,0,0,1728
936,0,0,"1729-09-23 01:50:02",1,0,0,85525,1,0,6915,0,0,1,1729
937,0,0,"1733-09-23 01:10:07",1,0,1,85723,0,0,6931,0,0,1,1733
938,0,0,"1733-12-21 16:42:39",0,1,1,85735,0,0,6932,1,0,0,1733
939,0,0,"1737-12-21 16:13:02",0,1,0,85933,1,0,6948,1,0,0,1737
940,0,1,"1738-03-20 18:33:18",1,0,0,85945,1,0,6949,0,0,0,1738
941,1,0,"1739-06-21 23:05:57",0,0,1,86007,0,1,6954,1,0,0,1739
942,0,0,"1741-12-21 15:34:48",0,1,1,86131,0,0,6964,1,0,0,1741
943,0,1,"1742-03-20 17:54:04",1,0,1,86143,0,0,6965,0,0,0,1742
944,1,0,"1743-06-21 22:27:54",0,0,0,86205,1,0,6970,1,1,0,1743
945,0,0,"1744-09-22 17:10:12",1,0,1,86267,0,0,6975,0,0,1,1744
946,1,0,"1747-06-21 21:21:55",0,0,1,86403,0,1,6986,1,0,0,1747
947,0,0,"1748-09-22 16:15:16",1,0,0,86465,1,0,6991,0,0,1,1748
948,0,0,"1752-09-22 15:27:00",1,0,1,86663,0,0,7007,0,0,1,1752
949,0,0,"1752-12-21 07:32:00",0,1,1,86675,0,1,7008,1,0,0,1752
950,1,0,"1754-06-21 14:09:10",0,0,0,86749,1,0,7014,1,0,0,1754
951,0,0,"1756-12-21 06:50:39",0,1,0,86873,1,0,7024,1,1,0,1756
952,0,1,"1757-03-20 09:00:04",1,0,0,86885,1,0,7025,0,0,0,1757
953,1,0,"1758-06-21 13:24:20",0,0,1,86947,0,0,7030,1,0,0,1758
954,0,1,"1761-03-20 08:18:36",1,0,1,87083,0,0,7041,0,0,0,1761
955,1,0,"1762-06-21 12:35:54",0,0,0,87145,1,0,7046,1,0,0,1762
956,0,0,"1767-09-23 06:33:14",1,0,0,87405,1,1,7067,0,0,1,1767
957,0,0,"1767-12-21 22:47:38",0,1,0,87417,1,0,7068,1,0,0,1767
958,0,0,"1771-09-23 05:50:15",1,0,1,87603,0,0,7083,0,0,1,1771
959,0,0,"1771-12-21 22:17:29",0,1,1,87615,0,0,7084,1,0,0,1771
960,0,1,"1772-03-20 00:09:52",1,0,1,87627,0,1,7085,0,0,0,1772
961,0,0,"1775-12-21 21:39:18",0,1,0,87813,1,0,7100,1,0,0,1775
962,0,1,"1776-03-19 23:36:26",1,0,0,87825,1,0,7101,0,1,0,1776
963,1,0,"1777-06-21 03:40:42",0,0,1,87887,0,0,7106,1,0,0,1777
964,0,1,"1780-03-19 22:53:13",1,0,1,88023,0,0,7117,0,0,0,1780
965,1,0,"1781-06-21 02:45:51",0,0,0,88085,1,0,7122,1,0,0,1781
966,0,0,"1786-09-22 20:59:45",1,0,0,88345,1,0,7143,0,0,1,1786
967,0,0,"1786-12-21 13:34:12",0,1,0,88357,1,0,7144,1,0,0,1786
968,0,0,"1790-09-22 20:11:10",1,0,1,88543,0,0,7159,0,0,1,1790
969,0,0,"1790-12-21 12:52:07",0,1,1,88555,0,0,7160,1,0,0,1790
970,0,1,"1791-03-20 14:48:11",1,0,1,88567,0,0,7161,0,0,0,1791
971,0,0,"1794-12-21 12:23:32",0,1,0,88753,1,0,7176,1,0,0,1794
972,0,1,"1795-03-20 14:03:31",1,0,0,88765,1,0,7177,0,0,0,1795
973,1,0,"1796-06-20 17:41:47",0,0,1,88827,0,0,7182,1,1,0,1796
974,1,0,"1800-06-21 16:51:08",0,0,0,89025,1,0,7198,1,0,0,1800
975,0,0,"1805-09-23 11:28:34",1,0,0,89285,1,0,7219,0,0,1,1805
976,0,1,"1806-03-21 05:51:48",1,0,0,89309,1,0,7221,0,0,0,1806
977,0,0,"1809-09-23 10:41:42",1,0,1,89483,0,0,7235,0,0,1,1809
978,0,0,"1809-12-22 03:37:18",0,1,1,89495,0,0,7236,1,1,0,1809
979,0,1,"1810-03-21 05:20:05",1,0,1,89507,0,0,7237,0,0,0,1810
980,0,0,"1813-12-22 03:06:56",0,1,0,89693,1,0,7252,1,0,0,1813
981,0,1,"1814-03-21 04:42:21",1,0,0,89705,1,0,7253,0,0,0,1814
982,1,0,"1815-06-22 07:57:47",0,0,1,89767,0,0,7258,1,0,0,1815
983,1,0,"1819-06-22 06:57:20",0,0,0,89965,1,0,7274,1,0,0,1819
984,0,0,"1820-09-23 02:37:15",1,0,1,90027,0,1,7279,0,0,1,1820
985,0,0,"1824-09-23 01:45:56",1,0,0,90225,1,0,7295,0,0,1,1824
986,0,0,"1828-09-23 01:09:07",1,0,1,90423,0,0,7311,0,0,1,1828
987,0,0,"1828-12-21 18:17:56",0,1,1,90435,0,0,7312,1,0,0,1828
988,0,1,"1829-03-20 19:41:29",1,0,1,90447,0,0,7313,0,0,0,1829
989,0,0,"1832-12-21 17:51:07",0,1,0,90633,1,0,7328,1,0,0,1832
990,0,1,"1833-03-20 19:11:16",1,0,0,90645,1,0,7329,0,0,0,1833
991,1,0,"1834-06-21 22:11:01",0,0,1,90707,0,0,7334,1,0,0,1834
992,1,0,"1838-06-21 21:18:00",0,0,0,90905,1,0,7350,1,0,0,1838
993,0,0,"1839-09-23 16:58:29",1,0,1,90967,0,0,7355,0,0,1,1839
994,0,0,"1843-09-23 16:08:35",1,0,0,91165,1,0,7371,0,1,1,1843
995,0,0,"1847-09-23 15:21:43",1,0,1,91363,0,1,7387,0,0,1,1847
996,0,0,"1847-12-22 09:04:20",0,1,1,91375,0,0,7388,1,0,0,1847
997,0,1,"1848-03-20 10:17:12",1,0,1,91387,0,0,7389,0,0,0,1848
998,1,0,"1849-06-21 13:06:24",0,0,0,91449,1,0,7394,1,1,0,1849
999,0,0,"1851-12-22 08:28:02",0,1,0,91573,1,0,7404,1,0,0,1851
1000,0,1,"1852-03-20 09:40:36",1,0,0,91585,1,0,7405,0,0,0,1852
1001,1,0,"1853-06-21 12:21:33",0,0,1,91647,0,0,7410,1,0,0,1853
1002,1,0,"1857-06-21 11:24:23",0,0,0,91845,1,0,7426,1,0,0,1857
1003,0,0,"1858-09-23 07:21:27",1,0,1,91907,0,0,7431,0,0,1,1858
1004,0,0,"1862-09-23 06:25:37",1,0,0,92105,1,0,7447,0,0,1,1862
1005,0,0,"1862-12-22 00:18:05",0,1,0,92117,1,0,7448,1,1,0,1862
1006,0,0,"1866-12-21 23:48:47",0,1,1,92315,0,1,7464,1,0,0,1866
1007,0,1,"1867-03-21 00:45:47",1,0,1,92327,0,0,7465,0,0,0,1867
1008,1,0,"1868-06-21 03:09:18",0,0,0,92389,1,0,7470,1,0,0,1868
1009,0,0,"1870-12-21 23:12:30",0,1,0,92513,1,0,7480,1,0,0,1870
1010,0,1,"1871-03-21 00:19:06",1,0,0,92525,1,0,7481,0,0,0,1871
1011,1,0,"1872-06-21 02:31:14",0,0,1,92587,0,1,7486,1,0,0,1872
1012,0,1,"1875-03-20 23:20:35",1,0,1,92723,0,0,7497,0,0,0,1875
1013,1,0,"1876-06-21 01:31:33",0,0,0,92785,1,0,7502,1,1,0,1876
1014,0,0,"1877-09-22 21:47:30",1,0,1,92847,0,0,7507,0,0,1,1877
1015,0,0,"1881-09-22 20:49:29",1,0,0,93045,1,0,7523,0,0,1,1881
1016,0,0,"1881-12-21 14:59:53",0,1,0,93057,1,0,7524,1,0,0,1881
1017,0,0,"1885-12-21 14:26:52",0,1,1,93255,0,0,7540,1,0,0,1885
1018,0,1,"1886-03-20 15:25:46",1,0,1,93267,0,0,7541,0,0,0,1886
1019,1,0,"1887-06-21 17:26:44",0,0,0,93329,1,0,7546,1,0,0,1887
1020,0,0,"1889-12-21 13:51:19",0,1,0,93453,1,0,7556,1,1,0,1889
1021,0,1,"1890-03-20 14:40:26",1,0,0,93465,1,0,7557,0,0,0,1890
1022,1,0,"1891-06-21 16:31:59",0,0,1,93527,0,0,7562,1,0,0,1891
1023,0,1,"1894-03-20 13:58:43",1,0,1,93663,0,0,7573,0,0,0,1894
1024,0,0,"1896-09-22 12:02:57",1,0,1,93787,0,0,7583,0,0,1,1896
1025,0,0,"1900-09-23 12:34:20",1,0,0,93985,1,1,7599,0,0,1,1900
1026,0,0,"1900-12-22 06:55:44",0,1,0,93997,1,0,7600,1,0,0,1900
1027,0,1,"1901-03-21 07:23:01",1,0,0,94009,1,0,7601,0,1,0,1901
1028,0,0,"1904-12-22 06:13:27",0,1,1,94195,0,0,7616,1,0,0,1904
1029,0,1,"1905-03-21 06:57:02",1,0,1,94207,0,1,7617,0,0,0,1905
1030,1,0,"1906-06-22 08:41:21",0,0,0,94269,1,0,7622,1,0,0,1906
1031,0,1,"1909-03-21 06:12:33",1,0,0,94405,1,0,7633,0,1,0,1909
1032,1,0,"1910-06-22 07:48:19",0,0,1,94467,0,0,7638,1,0,0,1910
1033,0,0,"1915-09-24 03:23:30",1,0,1,94727,0,0,7659,0,0,1,1915
1034,0,0,"1919-09-24 01:35:08",1,0,0,94925,1,0,7675,0,0,1,1919
1035,0,0,"1919-12-22 21:26:51",0,1,0,94937,1,0,7676,1,0,0,1919
1036,0,1,"1920-03-20 21:59:04",1,0,0,94949,1,0,7677,0,0,0,1920
1037,0,0,"1923-09-24 02:03:21",1,0,1,95123,0,0,7691,0,0,1,1923
1038,0,0,"1923-12-22 20:53:04",0,1,1,95135,0,0,7692,1,0,0,1923
1039,0,1,"1924-03-20 21:19:55",1,0,1,95147,0,0,7693,0,0,0,1924
1040,1,0,"1925-06-21 22:49:46",0,0,0,95209,1,0,7698,1,0,0,1925
1041,0,1,"1928-03-20 20:44:03",1,0,0,95345,1,0,7709,0,0,0,1928
1042,1,0,"1929-06-21 21:00:25",0,0,1,95407,0,0,7714,1,1,0,1929
1043,0,0,"1934-09-23 17:44:59",1,0,1,95667,0,0,7735,0,0,1,1934
1044,0,0,"1938-09-23 14:59:19",1,0,0,95865,1,0,7751,0,0,1,1938
1045,0,0,"1938-12-22 11:13:13",0,1,0,95877,1,0,7752,1,0,0,1938
1046,0,1,"1939-03-21 11:28:16",1,0,0,95889,1,0,7753,0,0,0,1939
1047,0,0,"1942-09-23 15:16:18",1,0,1,96063,0,0,7767,0,0,1,1942
1048,0,0,"1942-12-22 10:39:24",0,1,1,96075,0,0,7768,1,0,0,1942
1049,0,1,"1943-03-21 11:02:27",1,0,1,96087,0,0,7769,0,0,0,1943
1050,1,0,"1944-06-21 11:02:09",0,0,0,96149,1,0,7774,1,0,0,1944
1051,1,0,"1948-06-21 11:10:28",0,0,1,96347,0,0,7790,1,0,0,1948
1052,0,0,"1949-09-23 07:05:44",1,0,0,96409,1,0,7795,0,1,1,1949
1053,1,0,"1952-06-21 10:12:28",0,0,0,96545,1,0,7806,1,0,0,1952
1054,0,0,"1953-09-23 07:05:49",1,0,1,96607,0,1,7811,0,0,1,1953
1055,0,0,"1957-09-23 06:26:02",1,0,0,96805,1,0,7827,0,1,1,1957
1056,0,0,"1957-12-22 01:48:35",0,1,0,96817,1,0,7828,1,0,0,1957
1057,0,1,"1958-03-21 02:05:46",1,0,0,96829,1,1,7829,0,0,0,1958
1058,0,0,"1961-12-22 01:19:26",0,1,1,97015,0,0,7844,1,0,0,1961
1059,0,1,"1962-03-21 01:29:31",1,0,1,97027,0,0,7845,0,0,0,1962
1060,1,0,"1963-06-22 02:04:00",0,0,0,97089,1,0,7850,1,0,0,1963
1061,0,0,"1965-12-22 00:40:24",0,1,0,97213,1,0,7860,1,0,0,1965
1062,1,0,"1967-06-22 01:22:49",0,0,1,97287,0,0,7866,1,0,0,1967
1063,0,0,"1968-09-22 22:26:10",1,0,0,97349,1,0,7871,0,0,1,1968
1064,1,0,"1971-06-22 00:19:34",0,0,0,97485,1,0,7882,1,0,0,1971
1065,0,0,"1972-09-22 21:32:43",1,0,1,97547,0,0,7887,0,0,1,1972
1066,0,0,"1976-09-22 19:48:10",1,0,0,97745,1,0,7903,0,0,1,1976
1067,0,0,"1976-12-21 16:35:07",0,1,0,97757,1,0,7904,1,0,0,1976
1068,0,1,"1977-03-20 16:42:15",1,0,0,97769,1,0,7905,0,0,0,1977
1069,1,0,"1978-06-21 16:09:33",0,0,1,97831,0,1,7910,1,0,0,1978
1070,0,0,"1980-12-21 15:56:05",0,1,1,97955,0,0,7920,1,0,0,1980
1071,0,1,"1981-03-20 16:02:51",1,0,1,97967,0,0,7921,0,0,0,1981
1072,1,0,"1982-06-21 15:23:00",0,0,0,98029,1,0,7926,1,1,0,1982
1073,0,0,"1984-12-21 15:22:49",0,1,0,98153,1,0,7936,1,0,0,1984
1074,0,1,"1985-03-20 15:13:44",1,0,0,98165,1,0,7937,0,0,0,1985
1075,1,0,"1986-06-21 14:29:57",0,0,1,98227,0,1,7942,1,0,0,1986
1076,0,0,"1987-09-23 11:45:16",1,0,0,98289,1,0,7947,0,0,1,1987
1077,0,0,"1991-09-23 10:48:05",1,0,1,98487,0,0,7963,0,0,1,1991
1078,0,0,"1991-12-22 07:53:38",0,1,1,98499,0,1,7964,1,0,0,1991
1079,0,0,"1995-12-22 07:16:48",0,1,0,98697,1,0,7980,1,1,0,1995
1080,0,1,"1996-03-20 07:03:04",1,0,0,98709,1,0,7981,0,0,0,1996
1081,1,0,"1997-06-21 06:19:56",0,0,1,98771,0,0,7986,1,0,0,1997
1082,0,0,"1999-12-22 06:43:48",0,1,1,98895,0,1,7996,1,0,0,1999
1083,0,1,"2000-03-20 06:35:14",1,0,1,98907,0,0,7997,0,0,0,2000
1084,1,0,"2001-06-21 05:37:43",0,0,0,98969,1,0,8002,1,0,0,2001
1085,0,1,"2004-03-20 05:48:38",1,0,0,99105,1,0,8013,0,0,0,2004
1086,1,0,"2005-06-21 04:46:08",0,0,1,99167,0,0,8018,1,0,0,2005
1087,0,0,"2006-09-23 02:03:22",1,0,0,99229,1,1,8023,0,0,1,2006
1088,0,0,"2010-09-23 01:09:02",1,0,1,99427,0,0,8039,0,0,1,2010
1089,0,0,"2010-12-21 22:38:27",0,1,1,99439,0,0,8040,1,0,0,2010
1090,0,0,"2014-12-21 22:03:02",0,1,0,99637,1,0,8056,1,0,0,2014
1091,0,1,"2015-03-20 21:45:09",1,0,0,99649,1,0,8057,0,1,0,2015
1092,1,0,"2016-06-20 20:34:11",0,0,1,99711,0,0,8062,1,0,0,2016
1093,0,0,"2018-12-21 21:22:44",0,1,1,99835,0,0,8072,1,0,0,2018
1094,0,1,"2019-03-20 20:58:26",1,0,1,99847,0,0,8073,0,0,0,2019
1095,1,0,"2020-06-20 19:43:41",0,0,0,99909,1,0,8078,1,0,0,2020
1096,0,1,"2023-03-20 20:24:26",1,0,0,100045,1,0,8089,0,0,0,2023
1097,0,0,"2025-09-22 16:19:21",1,0,0,100169,1,0,8099,0,0,1,2025
1098,0,0,"2029-09-22 15:38:30",1,0,1,100367,0,0,8115,0,0,1,2029
1099,0,0,"2029-12-21 13:14:06",0,1,1,100379,0,0,8116,1,0,0,2029
1100,0,1,"2030-03-20 12:52:06",1,0,1,100391,0,0,8117,0,0,0,2030
1101,0,0,"2033-09-22 14:51:41",1,0,0,100565,1,0,8131,0,0,1,2033
1102,0,0,"2033-12-21 12:46:00",0,1,0,100577,1,0,8132,1,0,0,2033
1103,0,1,"2034-03-20 12:17:30",1,0,0,100589,1,0,8133,0,0,0,2034
1104,1,0,"2035-06-21 10:33:09",0,0,1,100651,0,0,8138,1,1,0,2035
1105,0,1,"2038-03-20 11:40:39",1,0,1,100787,0,1,8149,0,0,0,2038
1106,1,0,"2039-06-21 09:57:27",0,0,0,100849,1,0,8154,1,0,0,2039
1107,0,0,"2044-09-22 06:47:57",1,0,0,101109,1,0,8175,0,0,1,2044
1108,0,0,"2048-09-22 06:00:47",1,0,1,101307,0,0,8191,0,0,1,2048
1109,0,0,"2048-12-21 04:02:24",0,1,1,101319,0,0,8192,1,1,0,2048
1110,0,1,"2049-03-20 03:28:46",1,0,1,101331,0,0,8193,0,0,0,2049
1111,0,0,"2052-09-22 05:15:57",1,0,0,101505,1,0,8207,0,0,1,2052
1112,0,0,"2052-12-21 03:17:27",0,1,0,101517,1,0,8208,1,0,0,2052
1113,0,1,"2053-03-20 02:47:38",1,0,0,101529,1,0,8209,0,0,0,2053
1114,1,0,"2054-06-21 00:47:29",0,0,1,101591,0,0,8214,1,0,0,2054
1115,0,0,"2056-12-21 02:52:00",0,1,1,101715,0,0,8224,1,0,0,2056
1116,0,1,"2057-03-20 02:08:19",1,0,1,101727,0,0,8225,0,0,0,2057
1117,1,0,"2058-06-21 00:04:30",0,0,0,101789,1,0,8230,1,0,0,2058
1118,1,0,"2062-06-20 23:11:56",0,0,1,101987,0,0,8246,1,0,0,2062
1119,0,0,"2063-09-22 21:08:49",1,0,0,102049,1,0,8251,0,1,1,2063
1120,0,0,"2067-09-22 20:20:22",1,0,1,102247,0,0,8267,0,0,1,2067
1121,0,1,"2068-03-19 17:49:43",1,0,1,102271,0,0,8269,0,0,0,2068
1122,0,0,"2071-09-22 19:38:35",1,0,0,102445,1,0,8283,0,0,1,2071
1123,0,0,"2071-12-21 18:04:43",0,1,0,102457,1,0,8284,1,0,0,2071
1124,0,1,"2072-03-19 17:21:54",1,0,0,102469,1,0,8285,0,0,0,2072
1125,1,0,"2073-06-20 15:07:54",0,0,1,102531,0,0,8290,1,0,0,2073
1126,0,0,"2075-12-21 17:28:04",0,1,1,102655,0,0,8300,1,0,0,2075
1127,0,1,"2076-03-19 16:39:50",1,0,1,102667,0,0,8301,0,0,0,2076
1128,1,0,"2077-06-20 14:24:30",0,0,0,102729,1,0,8306,1,0,0,2077
1129,0,0,"2078-09-22 12:25:37",1,0,1,102791,0,0,8311,0,0,1,2078
1130,1,0,"2081-06-20 13:17:36",0,0,1,102927,0,0,8322,1,0,0,2081
1131,0,0,"2082-09-22 11:24:13",1,0,0,102989,1,0,8327,0,0,1,2082
1132,0,0,"2086-09-22 10:33:40",1,0,1,103187,0,1,8343,0,0,1,2086
1133,0,0,"2090-12-21 08:45:15",0,1,0,103397,1,0,8360,1,0,0,2090
1134,0,1,"2091-03-20 07:43:33",1,0,0,103409,1,0,8361,0,0,0,2091
1135,1,0,"2092-06-20 05:16:43",0,0,1,103471,0,1,8366,1,0,0,2092
1136,0,0,"2094-12-21 08:15:08",0,1,1,103595,0,0,8376,1,0,0,2094
1137,0,1,"2095-03-20 07:16:47",1,0,1,103607,0,0,8377,0,1,0,2095
1138,1,0,"2096-06-20 04:32:39",0,0,0,103669,1,0,8382,1,0,0,2096
1139,0,0,"2097-09-22 02:37:44",1,0,1,103731,0,0,8387,0,0,1,2097
