"id","apogeo","apoperi_id","date","estival","invernal","invertido","otonyal","perigeo","primaveral","selecto","soe_id","year"
1,0,6,"1000-03-20 22:36:39",0,0,0,0,1,1,0,3997,0
2,0,26,"1000-12-21 17:18:28",0,1,0,0,1,0,1,4000,0
3,0,46,"1001-09-23 18:43:42",0,0,0,1,1,0,0,4003,0
4,1,59,"1002-03-21 10:20:06",0,0,0,0,0,1,0,4005,0
5,1,79,"1002-12-22 04:56:47",0,1,0,0,0,0,0,4008,0
6,1,99,"1003-09-24 06:16:35",0,0,0,1,0,0,0,4011,0
7,0,132,"1004-12-21 16:30:26",0,1,1,0,1,0,0,4016,0
8,0,152,"1005-09-23 17:44:26",0,0,0,1,1,0,0,4019,0
9,0,172,"1006-06-22 20:10:35",1,0,0,0,1,0,0,4022,0
10,1,185,"1006-12-22 04:13:02",0,1,0,0,0,0,0,4024,0
11,0,238,"1008-12-21 15:47:13",0,1,0,0,1,0,1,4032,0
12,0,258,"1009-09-23 17:15:16",0,0,0,1,1,0,0,4035,0
13,0,278,"1010-06-22 19:17:04",1,0,0,0,1,0,0,4038,0
14,0,344,"1012-12-21 15:21:01",0,1,0,0,1,0,0,4048,0
15,0,384,"1014-06-22 18:40:25",1,0,0,0,1,0,0,4054,0
16,1,437,"1016-06-22 06:14:44",1,0,0,0,0,0,0,4062,0
17,0,450,"1016-12-21 14:35:47",0,1,0,0,1,0,0,4064,0
18,0,490,"1018-06-22 17:49:53",1,0,1,0,1,0,0,4070,0
19,1,543,"1020-06-22 05:29:13",1,0,0,0,0,0,0,4078,0
20,0,596,"1022-06-22 16:55:33",1,0,0,0,1,0,1,4086,0
21,1,649,"1024-06-22 04:23:21",1,0,0,0,0,0,0,4094,0
22,0,702,"1026-06-22 15:56:56",1,0,1,0,1,0,0,4102,0
23,1,755,"1028-06-22 03:45:58",1,0,0,0,0,0,0,4110,0
24,0,808,"1030-06-22 15:27:42",1,0,0,0,1,0,0,4118,0
25,0,914,"1034-06-22 14:40:55",1,0,0,0,1,0,0,4134,0
26,0,934,"1035-03-21 10:15:56",0,0,0,0,1,1,0,4137,0
27,0,1020,"1038-06-22 13:44:18",1,0,0,0,1,0,0,4150,0
28,0,1040,"1039-03-21 09:27:24",0,0,0,0,1,1,0,4153,0
29,1,1093,"1041-03-20 21:02:28",0,0,0,0,0,1,0,4161,0
30,1,1133,"1042-09-23 16:52:08",0,0,0,1,0,0,0,4167,0
31,0,1146,"1043-03-21 08:38:47",0,0,0,0,1,1,0,4169,0
32,0,1186,"1044-09-23 04:40:07",0,0,0,1,1,0,0,4175,0
33,1,1199,"1045-03-20 20:20:05",0,0,0,0,0,1,0,4177,0
34,1,1219,"1045-12-21 15:22:23",0,1,0,0,0,0,0,4180,0
35,1,1239,"1046-09-23 16:16:35",0,0,1,1,0,0,0,4183,0
36,0,1252,"1047-03-21 07:50:30",0,0,0,0,1,1,1,4185,0
37,1,1305,"1049-03-20 19:35:54",0,0,0,0,0,1,0,4193,0
38,1,1325,"1049-12-21 15:03:12",0,1,0,0,0,0,0,4196,0
39,0,1358,"1051-03-21 07:26:31",0,0,1,0,1,1,0,4201,0
40,1,1411,"1053-03-20 19:07:31",0,0,0,0,0,1,0,4209,0
41,1,1431,"1053-12-21 14:17:01",0,1,0,0,0,0,0,4212,0
42,0,1464,"1055-03-21 06:30:55",0,0,0,0,1,1,1,4217,0
43,0,1484,"1055-12-22 01:56:06",0,1,0,0,1,0,0,4220,0
44,1,1517,"1057-03-20 18:04:56",0,0,0,0,0,1,0,4225,0
45,0,1570,"1059-03-21 05:38:52",0,0,0,0,1,1,0,4233,0
46,0,1676,"1063-03-21 04:54:38",0,0,0,0,1,1,0,4249,0
47,0,1782,"1067-03-21 04:22:41",0,0,0,0,1,1,0,4265,0
48,1,1789,"1067-06-22 14:01:16",1,0,0,0,0,0,0,4266,0
49,1,1895,"1071-06-22 13:13:15",1,0,0,0,0,0,0,4282,0
50,0,1948,"1073-06-22 00:48:49",1,0,0,0,1,0,0,4290,0
51,1,2001,"1075-06-22 12:16:49",1,0,0,0,0,0,1,4298,0
52,0,2114,"1079-09-23 16:07:08",0,0,0,1,1,0,0,4315,0
53,0,2220,"1083-09-23 15:25:25",0,0,0,1,1,0,0,4331,0
54,1,2273,"1085-09-23 03:04:54",0,0,0,1,0,0,0,4339,0
55,0,2326,"1087-09-23 14:51:29",0,0,0,1,1,0,0,4347,0
56,1,2379,"1089-09-23 02:21:27",0,0,0,1,0,0,0,4355,0
57,0,2412,"1090-12-21 14:00:40",0,1,0,0,1,0,0,4360,0
58,0,2432,"1091-09-23 14:00:06",0,0,1,1,1,0,0,4363,0
59,1,2465,"1092-12-21 01:27:32",0,1,0,0,0,0,0,4368,0
60,1,2485,"1093-09-23 01:36:23",0,0,0,1,0,0,0,4371,0
61,0,2538,"1095-09-23 13:13:23",0,0,0,1,1,0,1,4379,0
62,1,2551,"1096-03-20 04:46:42",0,0,0,0,0,1,0,4381,0
63,1,2571,"1096-12-21 00:45:08",0,1,0,0,0,0,0,4384,0
64,1,2591,"1097-09-23 00:41:28",0,0,0,1,0,0,0,4387,0
65,0,2644,"1099-09-23 12:22:21",0,0,1,1,1,0,0,4395,0
66,1,2657,"1100-03-21 04:04:51",0,0,0,0,0,1,0,4397,0
67,0,2710,"1102-03-21 15:51:17",0,0,0,0,1,1,0,4405,0
68,0,2750,"1103-09-24 11:44:53",0,0,0,1,1,0,1,4411,0
69,0,2856,"1107-09-24 11:06:31",0,0,0,1,1,0,0,4427,0
70,0,2876,"1108-06-22 11:48:42",1,0,0,0,1,0,0,4430,0
71,1,2929,"1110-06-22 23:23:42",1,0,0,0,0,0,0,4438,0
72,0,2962,"1111-09-24 10:16:05",0,0,0,1,1,0,0,4443,0
73,0,2982,"1112-06-22 11:03:10",1,0,0,0,1,0,0,4446,0
74,1,3035,"1114-06-22 22:26:35",1,0,0,0,0,0,0,4454,0
75,1,3141,"1118-06-22 21:37:29",1,0,0,0,0,0,0,4470,0
76,1,3247,"1122-06-22 20:45:21",1,0,0,0,0,0,0,4486,0
77,0,3340,"1125-12-22 01:56:28",0,1,0,0,1,0,0,4500,0
78,0,3446,"1129-12-22 01:06:53",0,1,0,0,1,0,0,4516,0
79,0,3552,"1133-12-22 00:24:30",0,1,0,0,1,0,0,4532,0
80,1,3605,"1135-12-22 11:57:22",0,1,0,0,0,0,0,4540,0
81,1,3625,"1136-09-23 11:24:12",0,0,0,1,0,0,0,4543,0
82,0,3638,"1137-03-21 03:17:07",0,0,0,0,1,1,0,4545,0
83,0,3658,"1137-12-21 23:38:32",0,1,1,0,1,0,0,4548,0
84,1,3691,"1139-03-21 14:49:44",0,0,0,0,0,1,0,4553,0
85,1,3711,"1139-12-22 11:18:07",0,1,0,0,0,0,0,4556,0
86,1,3731,"1140-09-23 10:49:55",0,0,0,1,0,0,0,4559,0
87,0,3764,"1141-12-21 23:03:23",0,1,0,0,1,0,1,4564,0
88,1,3797,"1143-03-21 14:09:03",0,0,0,0,0,1,0,4569,0
89,1,3817,"1143-12-22 10:48:43",0,1,0,0,0,0,0,4572,0
90,1,3837,"1144-09-23 10:08:55",0,0,0,1,0,0,0,4575,0
91,0,3870,"1145-12-21 22:30:27",0,1,1,0,1,0,0,4580,0
92,0,3890,"1146-09-23 21:45:08",0,0,0,1,1,0,0,4583,0
93,1,3903,"1147-03-21 13:33:49",0,0,0,0,0,1,0,4585,0
94,1,3923,"1147-12-22 10:07:08",0,1,0,0,0,0,0,4588,0
95,0,3976,"1149-12-21 21:41:27",0,1,0,0,1,0,0,4596,0
96,1,4029,"1151-12-22 09:10:13",0,1,0,0,0,0,0,4604,0
97,0,4082,"1153-12-21 20:51:51",0,1,0,0,1,0,0,4612,0
98,0,4188,"1157-12-21 20:14:42",0,1,0,0,1,0,0,4628,0
99,1,4281,"1161-06-22 07:20:31",1,0,0,0,0,0,0,4642,0
100,1,4387,"1165-06-22 06:20:03",1,0,0,0,0,0,0,4658,0
101,1,4493,"1169-06-22 05:28:25",1,0,0,0,0,0,0,4674,0
102,0,4546,"1171-06-22 16:56:23",1,0,0,0,1,0,0,4682,0
103,1,4599,"1173-06-22 04:33:40",1,0,0,0,0,0,0,4690,0
104,0,4652,"1175-06-22 16:15:11",1,0,0,0,1,0,0,4698,0
105,0,4672,"1176-03-20 13:57:28",0,0,0,0,1,1,0,4701,0
106,0,4778,"1180-03-20 13:21:13",0,0,0,0,1,1,1,4717,0
107,0,4818,"1181-09-23 09:10:12",0,0,0,1,1,0,0,4723,0
108,1,4871,"1183-09-23 20:53:25",0,0,0,1,0,0,0,4731,0
109,0,4884,"1184-03-20 12:42:47",0,0,1,0,1,1,0,4733,0
110,1,4977,"1187-09-23 20:00:00",0,0,0,1,0,0,0,4747,0
111,1,5043,"1190-03-20 23:18:17",0,0,0,0,0,1,0,4757,0
112,1,5063,"1190-12-21 20:31:14",0,1,0,0,0,0,0,4760,0
113,1,5083,"1191-09-23 19:13:06",0,0,0,1,0,0,0,4763,0
114,0,5116,"1192-12-21 08:05:59",0,1,0,0,1,0,0,4768,0
115,1,5149,"1194-03-20 22:42:02",0,0,0,0,0,1,0,4773,0
116,1,5169,"1194-12-21 19:53:56",0,1,0,0,0,0,1,4776,0
117,0,5202,"1196-03-20 10:19:18",0,0,0,0,1,1,0,4781,0
118,1,5255,"1198-03-20 22:02:10",0,0,0,0,0,1,0,4789,0
119,0,5308,"1200-03-20 09:41:32",0,0,0,0,1,1,0,4797,0
120,1,5361,"1202-03-20 21:14:56",0,0,0,0,0,1,0,4805,0
121,0,5414,"1204-03-20 08:53:57",0,0,0,0,1,1,0,4813,0
122,1,5527,"1208-06-21 15:40:31",1,0,0,0,0,0,1,4830,0
123,0,5580,"1210-06-22 03:10:27",1,0,0,0,1,0,0,4838,0
124,1,5633,"1212-06-21 14:49:56",1,0,0,0,0,0,0,4846,0
125,1,5739,"1216-06-21 14:04:27",1,0,0,0,0,0,0,4862,0
126,0,5852,"1220-09-22 19:58:16",0,0,0,1,1,0,0,4879,0
127,0,5958,"1224-09-22 19:05:29",0,0,0,1,1,0,0,4895,0
128,0,6044,"1227-12-21 20:06:59",0,1,0,0,1,0,0,4908,0
129,0,6064,"1228-09-22 18:18:18",0,0,0,1,1,0,1,4911,0
130,1,6097,"1229-12-21 07:51:29",0,1,0,0,0,0,0,4916,0
131,1,6117,"1230-09-23 05:47:20",0,0,0,1,0,0,0,4919,0
132,0,6150,"1231-12-21 19:31:01",0,1,0,0,1,0,0,4924,0
133,0,6170,"1232-09-22 17:26:00",0,0,1,1,1,0,0,4927,0
134,1,6203,"1233-12-21 07:06:41",0,1,0,0,0,0,0,4932,0
135,1,6223,"1234-09-23 05:17:43",0,0,0,1,0,0,0,4935,0
136,0,6276,"1236-09-22 17:00:39",0,0,0,1,1,0,1,4943,0
137,1,6289,"1237-03-20 08:50:19",0,0,1,0,0,1,0,4945,0
138,1,6309,"1237-12-21 06:42:59",0,1,0,0,0,0,0,4948,0
139,1,6329,"1238-09-23 04:32:43",0,0,0,1,0,0,0,4951,0
140,0,6342,"1239-03-20 20:23:11",0,0,0,0,1,1,0,4953,0
141,0,6382,"1240-09-22 16:09:18",0,0,0,1,1,0,0,4959,0
142,1,6395,"1241-03-20 08:14:34",0,0,0,0,0,1,0,4961,0
143,1,6415,"1241-12-21 05:50:10",0,1,0,0,0,0,0,4964,0
144,1,6435,"1242-09-23 03:48:40",0,0,0,1,0,0,0,4967,0
145,0,6488,"1244-09-22 15:18:28",0,0,0,1,1,0,0,4975,0
146,0,6508,"1245-06-21 14:11:10",1,0,0,0,1,0,0,4978,0
147,0,6594,"1248-09-22 14:29:46",0,0,0,1,1,0,0,4991,0
148,0,6614,"1249-06-21 13:17:46",1,0,0,0,1,0,0,4994,0
149,0,6720,"1253-06-21 12:36:53",1,0,0,0,1,0,0,5010,0
150,1,6773,"1255-06-22 00:21:23",1,0,0,0,0,0,0,5018,0
151,0,6826,"1257-06-21 12:02:14",1,0,1,0,1,0,0,5026,0
152,1,6879,"1259-06-21 23:36:08",1,0,0,0,0,0,0,5034,0
153,0,6932,"1261-06-21 10:57:24",1,0,0,0,1,0,1,5042,0
154,1,6985,"1263-06-21 22:27:39",1,0,0,0,0,0,0,5050,0
155,0,7038,"1265-06-21 10:06:28",1,0,1,0,1,0,0,5058,0
156,1,7091,"1267-06-21 21:49:01",1,0,0,0,0,0,0,5066,0
157,0,7144,"1269-06-21 09:21:13",1,0,0,0,1,0,0,5074,0
158,1,7197,"1271-06-21 21:02:39",1,0,0,0,0,0,0,5082,0
159,0,7250,"1273-06-21 08:45:08",1,0,0,0,1,0,0,5090,0
160,0,7270,"1274-03-20 07:52:20",0,0,0,0,1,1,0,5093,0
161,0,7356,"1277-06-21 07:49:04",1,0,0,0,1,0,0,5106,0
162,0,7376,"1278-03-20 07:22:49",0,0,0,0,1,1,0,5109,0
163,1,7429,"1280-03-19 18:50:19",0,0,0,0,0,1,0,5117,0
164,1,7449,"1280-12-20 17:05:03",0,1,0,0,0,0,0,5120,0
165,1,7469,"1281-09-22 14:18:49",0,0,0,1,0,0,0,5123,0
166,0,7482,"1282-03-20 06:18:39",0,0,0,0,1,1,0,5125,0
167,0,7522,"1283-09-23 02:02:40",0,0,0,1,1,0,0,5131,0
168,1,7535,"1284-03-19 17:58:16",0,0,0,0,0,1,0,5133,0
169,1,7555,"1284-12-20 16:16:40",0,1,0,0,0,0,0,5136,0
170,1,7575,"1285-09-22 13:33:14",0,0,1,1,0,0,0,5139,0
171,0,7588,"1286-03-20 05:35:13",0,0,0,0,1,1,1,5141,0
172,1,7641,"1288-03-19 17:19:34",0,0,0,0,0,1,0,5149,0
173,1,7661,"1288-12-20 15:43:46",0,1,0,0,0,0,0,5152,0
174,0,7694,"1290-03-20 04:58:58",0,0,1,0,1,1,0,5157,0
175,1,7747,"1292-03-19 16:45:56",0,0,0,0,0,1,0,5165,0
176,1,7767,"1292-12-20 15:07:01",0,1,0,0,0,0,0,5168,0
177,0,7800,"1294-03-20 04:21:00",0,0,0,0,1,1,1,5173,0
178,0,7820,"1294-12-21 02:45:19",0,1,0,0,1,0,0,5176,0
179,1,7853,"1296-03-19 15:52:47",0,0,0,0,0,1,0,5181,0
180,0,7906,"1298-03-20 03:25:59",0,0,0,0,1,1,0,5189,0
181,0,8012,"1302-03-21 02:44:02",0,0,0,0,1,1,0,5205,0
182,0,8118,"1306-03-21 01:53:02",0,0,0,0,1,1,0,5221,0
183,1,8125,"1306-06-22 07:54:22",1,0,0,0,0,0,0,5222,0
184,1,8231,"1310-06-22 07:11:14",1,0,0,0,0,0,0,5238,0
185,0,8284,"1312-06-21 18:50:17",1,0,0,0,1,0,0,5246,0
186,1,8337,"1314-06-22 06:29:06",1,0,0,0,0,0,1,5254,0
187,0,8450,"1318-09-23 13:33:15",0,0,0,1,1,0,0,5271,0
188,0,8556,"1322-09-23 12:39:34",0,0,0,1,1,0,0,5287,0
189,1,8609,"1324-09-23 00:20:57",0,0,0,1,0,0,0,5295,0
190,0,8662,"1326-09-23 11:58:25",0,0,0,1,1,0,0,5303,0
191,1,8695,"1327-12-22 03:02:44",0,1,0,0,0,0,1,5308,0
192,1,8715,"1328-09-22 23:32:29",0,0,0,1,0,0,0,5311,0
193,0,8748,"1329-12-21 14:43:02",0,1,0,0,1,0,0,5316,0
194,0,8768,"1330-09-23 11:23:57",0,0,0,1,1,0,0,5319,0
195,1,8801,"1331-12-22 02:20:55",0,1,0,0,0,0,0,5324,0
196,1,8821,"1332-09-22 23:03:58",0,0,0,1,0,0,0,5327,0
197,0,8874,"1334-09-23 10:35:20",0,0,0,1,1,0,1,5335,0
198,1,8887,"1335-03-21 02:44:40",0,0,0,0,0,1,0,5337,0
199,1,8907,"1335-12-22 01:41:36",0,1,0,0,0,0,0,5340,0
200,1,8927,"1336-09-22 22:00:58",0,0,0,1,0,0,0,5343,0
201,0,8980,"1338-09-23 09:41:16",0,0,1,1,1,0,0,5351,0
202,1,8993,"1339-03-21 01:48:38",0,0,0,0,0,1,0,5353,0
203,0,9046,"1341-03-20 13:27:20",0,0,0,0,1,1,0,5361,0
204,0,9086,"1342-09-23 08:56:31",0,0,0,1,1,0,1,5367,0
205,0,9192,"1346-09-23 08:18:01",0,0,0,1,1,0,0,5383,0
206,0,9212,"1347-06-22 05:48:03",1,0,0,0,1,0,0,5386,0
207,1,9265,"1349-06-21 17:28:30",1,0,0,0,0,0,0,5394,0
208,0,9318,"1351-06-22 05:14:00",1,0,0,0,1,0,0,5402,0
209,1,9371,"1353-06-21 16:38:22",1,0,0,0,0,0,0,5410,0
210,1,9477,"1357-06-21 15:35:22",1,0,0,0,0,0,0,5426,0
211,1,9583,"1361-06-21 14:50:03",1,0,0,0,0,0,0,5442,0
212,0,9676,"1364-12-21 02:37:24",0,1,0,0,1,0,0,5456,0
213,0,9782,"1368-12-21 02:05:16",0,1,0,0,1,0,0,5472,0
214,0,9888,"1372-12-21 01:18:56",0,1,0,0,1,0,0,5488,0
215,1,9941,"1374-12-21 12:47:16",0,1,0,0,0,0,0,5496,0
216,1,9961,"1375-09-23 08:45:31",0,0,0,1,0,0,0,5499,0
217,0,9974,"1376-03-20 01:05:34",0,0,0,0,1,1,0,5501,0
218,0,9994,"1376-12-21 00:23:34",0,1,1,0,1,0,0,5504,0
219,1,10027,"1378-03-20 12:29:05",0,0,0,0,0,1,0,5509,0
220,1,10047,"1378-12-21 12:06:14",0,1,0,0,0,0,0,5512,0
221,1,10067,"1379-09-23 07:54:47",0,0,0,1,0,0,0,5515,0
222,0,10100,"1380-12-20 23:51:05",0,1,0,0,1,0,1,5520,0
223,1,10133,"1382-03-20 11:59:06",0,0,0,0,0,1,0,5525,0
224,1,10153,"1382-12-21 11:28:36",0,1,0,0,0,0,0,5528,0
225,1,10173,"1383-09-23 07:24:36",0,0,0,1,0,0,0,5531,0
226,0,10206,"1384-12-20 23:17:11",0,1,1,0,1,0,0,5536,0
227,0,10226,"1385-09-22 18:55:24",0,0,0,1,1,0,0,5539,0
228,1,10239,"1386-03-20 11:16:21",0,0,0,0,0,1,0,5541,0
229,1,10259,"1386-12-21 11:00:26",0,1,0,0,0,0,0,5544,0
230,1,10279,"1387-09-23 06:35:28",0,0,0,1,0,0,0,5547,0
231,0,10312,"1388-12-20 22:31:16",0,1,0,0,1,0,0,5552,0
232,0,10418,"1392-12-20 21:50:56",0,1,0,0,1,0,0,5568,0
233,0,10524,"1396-12-20 20:58:56",0,1,0,0,1,0,0,5584,0
234,1,10617,"1400-06-22 01:10:09",1,0,0,0,0,0,0,5598,0
235,1,10723,"1404-06-22 00:23:26",1,0,0,0,0,0,0,5614,0
236,1,10829,"1408-06-21 23:36:39",1,0,0,0,0,0,0,5630,0
237,1,10935,"1412-06-21 22:44:21",1,0,0,0,0,0,0,5646,0
238,0,10988,"1414-06-22 10:14:27",1,0,0,0,1,0,0,5654,0
239,0,11008,"1415-03-21 11:39:48",0,0,0,0,1,1,0,5657,0
240,0,11114,"1419-03-21 11:10:13",0,0,0,0,1,1,0,5673,0
241,1,11207,"1422-09-23 18:00:32",0,0,0,1,0,0,1,5687,0
242,0,11220,"1423-03-21 10:30:27",0,0,1,0,1,1,0,5689,0
243,1,11273,"1425-03-20 22:13:54",0,0,0,0,0,1,0,5697,0
244,1,11293,"1425-12-21 22:04:48",0,1,0,0,0,0,0,5700,0
245,1,11313,"1426-09-23 17:20:42",0,0,0,1,0,0,0,5703,0
246,0,11326,"1427-03-21 09:39:11",0,0,0,0,1,1,1,5705,0
247,1,11379,"1429-03-20 21:12:20",0,0,0,0,0,1,0,5713,0
248,1,11399,"1429-12-21 21:28:58",0,1,0,0,0,0,0,5716,0
249,1,11419,"1430-09-23 16:26:54",0,0,0,1,0,0,0,5719,0
250,0,11432,"1431-03-21 08:56:04",0,0,1,0,1,1,0,5721,0
251,0,11452,"1431-12-22 08:57:37",0,1,0,0,1,0,0,5724,0
252,1,11485,"1433-03-20 20:34:31",0,0,0,0,0,1,0,5729,0
253,1,11505,"1433-12-21 20:35:46",0,1,0,0,0,0,1,5732,0
254,0,11538,"1435-03-21 08:02:36",0,0,0,0,1,1,0,5737,0
255,1,11591,"1437-03-20 19:38:42",0,0,0,0,0,1,0,5745,0
256,0,11644,"1439-03-21 07:24:07",0,0,0,0,1,1,0,5753,0
257,1,11697,"1441-03-20 19:15:03",0,0,0,0,0,1,0,5761,0
258,0,11750,"1443-03-21 06:52:48",0,0,0,0,1,1,0,5769,0
259,0,11916,"1449-06-21 21:15:34",1,0,0,0,1,0,0,5794,0
260,1,11969,"1451-06-22 08:46:00",1,0,1,0,0,0,0,5802,0
261,1,12075,"1455-06-22 08:05:07",1,0,0,0,0,0,0,5818,0
262,0,12188,"1459-09-23 17:02:05",0,0,0,1,1,0,0,5835,0
263,0,12294,"1463-09-23 16:23:39",0,0,0,1,1,0,0,5851,0
264,0,12380,"1466-12-21 20:59:19",0,1,0,0,1,0,0,5864,0
265,0,12400,"1467-09-23 15:21:42",0,0,0,1,1,0,1,5867,0
266,1,12433,"1468-12-21 08:37:39",0,1,0,0,0,0,0,5872,0
267,1,12453,"1469-09-23 02:53:58",0,0,0,1,0,0,0,5875,0
268,0,12506,"1471-09-23 14:37:48",0,0,1,1,1,0,0,5883,0
269,1,12539,"1472-12-21 07:49:29",0,1,0,0,0,0,0,5888,0
270,1,12559,"1473-09-23 02:20:05",0,0,0,1,0,0,0,5891,0
271,0,12612,"1475-09-23 13:54:12",0,0,0,1,1,0,1,5899,0
272,1,12625,"1476-03-20 06:40:14",0,0,0,0,0,1,0,5901,0
273,1,12645,"1476-12-21 07:24:47",0,1,0,0,0,0,0,5904,0
274,1,12665,"1477-09-23 01:37:59",0,0,0,1,0,0,0,5907,0
275,0,12678,"1478-03-20 18:21:26",0,0,0,0,1,1,0,5909,0
276,0,12718,"1479-09-23 13:23:15",0,0,0,1,1,0,0,5915,0
277,1,12731,"1480-03-20 06:06:38",0,0,0,0,0,1,1,5917,0
278,1,12771,"1481-09-23 00:58:09",0,0,0,1,0,0,0,5923,0
279,0,12824,"1483-09-23 12:26:54",0,0,0,1,1,0,0,5931,0
280,0,12930,"1487-09-23 11:40:55",0,0,0,1,1,0,0,5947,0
281,0,12950,"1488-06-21 07:14:44",1,0,0,0,1,0,0,5950,0
282,0,13036,"1491-09-23 10:45:08",0,0,0,1,1,0,0,5963,0
283,0,13056,"1492-06-21 06:41:10",1,0,0,0,1,0,0,5966,0
284,1,13109,"1494-06-21 18:17:58",1,0,0,0,0,0,0,5974,0
285,0,13162,"1496-06-21 05:54:04",1,0,1,0,1,0,0,5982,0
286,1,13215,"1498-06-21 17:35:57",1,0,0,0,0,0,0,5990,0
287,0,13268,"1500-06-22 05:07:30",1,0,0,0,1,0,1,5998,0
288,1,13321,"1502-06-22 16:38:46",1,0,0,0,0,0,0,6006,0
289,0,13374,"1504-06-22 04:14:17",1,0,1,0,1,0,0,6014,0
290,0,13414,"1505-12-22 08:11:33",0,1,0,0,1,0,0,6020,0
291,1,13427,"1506-06-22 15:53:54",1,0,0,0,0,0,0,6022,0
292,0,13480,"1508-06-22 03:23:30",1,0,0,0,1,0,0,6030,0
293,0,13520,"1509-12-22 07:30:22",0,1,0,0,1,0,0,6036,0
294,1,13533,"1510-06-22 14:56:27",1,0,0,0,0,0,0,6038,0
295,0,13586,"1512-06-22 02:33:26",1,0,0,0,1,0,0,6046,0
296,0,13606,"1513-03-21 05:52:07",0,0,0,0,1,1,0,6049,0
297,0,13626,"1513-12-22 06:56:26",0,1,0,0,1,0,1,6052,0
298,0,13692,"1516-06-22 01:58:36",1,0,0,0,1,0,0,6062,0
299,0,13712,"1517-03-21 05:12:03",0,0,0,0,1,1,0,6065,0
300,0,13732,"1517-12-22 06:20:51",0,1,1,0,1,0,0,6068,0
301,1,13765,"1519-03-21 16:48:25",0,0,0,0,0,1,0,6073,0
302,1,13785,"1519-12-22 17:56:19",0,1,0,0,0,0,0,6076,0
303,1,13805,"1520-09-23 11:32:27",0,0,0,1,0,0,0,6079,0
304,0,13818,"1521-03-21 04:21:57",0,0,0,0,1,1,0,6081,0
305,0,13838,"1521-12-22 05:30:17",0,1,0,0,1,0,1,6084,0
306,1,13871,"1523-03-21 15:58:06",0,0,0,0,0,1,0,6089,0
307,1,13891,"1523-12-22 17:08:02",0,1,0,0,0,0,0,6092,0
308,1,13911,"1524-09-23 10:37:24",0,0,1,1,0,0,0,6095,0
309,0,13924,"1525-03-21 03:32:57",0,0,0,0,1,1,1,6097,0
310,0,13944,"1525-12-22 04:48:30",0,1,0,0,1,0,0,6100,0
311,1,13977,"1527-03-21 15:10:34",0,0,0,0,0,1,0,6105,0
312,1,13997,"1527-12-22 16:28:00",0,1,0,0,0,0,0,6108,0
313,0,14030,"1529-03-21 02:50:00",0,0,1,0,1,1,0,6113,0
314,0,14050,"1529-12-22 04:02:11",0,1,0,0,1,0,0,6116,0
315,1,14083,"1531-03-21 14:33:22",0,0,0,0,0,1,0,6121,0
316,1,14103,"1531-12-22 15:41:29",0,1,0,0,0,0,0,6124,0
317,0,14136,"1533-03-21 02:05:16",0,0,0,0,1,1,1,6129,0
318,0,14156,"1533-12-22 03:35:18",0,1,0,0,1,0,0,6132,0
319,0,14242,"1537-03-21 01:37:55",0,0,1,0,1,1,0,6145,0
320,0,14348,"1541-03-21 00:38:11",0,0,0,0,1,1,0,6161,0
321,0,14454,"1545-03-20 23:47:55",0,0,0,0,1,1,0,6177,0
322,1,14567,"1549-06-22 01:06:14",1,0,0,0,0,0,0,6194,0
323,1,14673,"1553-06-22 00:33:06",1,0,0,0,0,0,1,6210,0
324,0,14892,"1561-09-23 09:40:17",0,0,0,1,1,0,0,6243,0
325,1,14945,"1563-09-23 21:10:23",0,0,0,1,0,0,0,6251,0
326,0,14998,"1565-09-23 08:55:01",0,0,0,1,1,0,0,6259,0
327,1,15031,"1566-12-22 03:33:52",0,1,0,0,0,0,0,6264,0
328,1,15051,"1567-09-23 20:34:41",0,0,0,1,0,0,0,6267,0
329,1,15117,"1570-03-21 01:15:31",0,0,0,0,0,1,0,6277,0
330,1,15137,"1570-12-22 03:11:54",0,1,1,0,0,0,0,6280,0
331,1,15157,"1571-09-23 19:56:04",0,0,0,1,0,0,0,6283,0
332,1,15223,"1574-03-21 00:48:20",0,0,0,0,0,1,0,6293,0
333,1,15243,"1574-12-22 02:28:15",0,1,0,0,0,0,0,6296,0
334,1,15263,"1575-09-23 19:09:55",0,0,0,1,0,0,0,6299,0
335,1,15329,"1578-03-20 23:48:46",0,0,0,0,0,1,0,6309,0
336,0,15382,"1580-03-20 11:29:06",0,0,0,0,1,1,0,6317,0
337,0,15654,"1590-06-21 23:13:24",1,0,0,0,1,0,0,6358,0
338,1,15707,"1592-06-21 10:36:32",1,0,0,0,0,0,0,6366,0
339,1,15813,"1596-06-21 09:46:47",1,0,0,0,0,0,0,6382,0
340,1,15919,"1600-06-21 08:50:35",1,0,0,0,0,0,0,6398,0
341,0,16012,"1603-12-22 03:15:06",0,1,0,0,1,0,0,6412,0
342,0,16118,"1607-12-22 02:45:10",0,1,0,0,1,0,0,6428,0
343,1,16171,"1609-12-21 14:27:33",0,1,0,0,0,0,0,6436,0
344,0,16224,"1611-12-22 02:06:32",0,1,0,0,1,0,0,6444,0
345,1,16277,"1613-12-21 13:35:42",0,1,0,0,0,0,0,6452,0
346,1,16297,"1614-09-23 05:47:19",0,0,0,1,0,0,0,6455,0
347,0,16310,"1615-03-20 23:08:04",0,0,0,0,1,1,0,6457,0
348,0,16330,"1615-12-22 01:11:38",0,1,0,0,1,0,0,6460,0
349,1,16363,"1617-03-20 10:32:51",0,0,0,0,0,1,0,6465,0
350,1,16383,"1617-12-21 12:54:42",0,1,0,0,0,0,0,6468,0
351,1,16403,"1618-09-23 04:53:17",0,0,0,1,0,0,0,6471,0
352,0,16436,"1619-12-22 00:31:36",0,1,0,0,1,0,1,6476,0
353,1,16469,"1621-03-20 09:53:15",0,0,0,0,0,1,0,6481,0
354,1,16489,"1621-12-21 12:08:09",0,1,0,0,0,0,0,6484,0
355,1,16509,"1622-09-23 04:07:53",0,0,0,1,0,0,0,6487,0
356,0,16542,"1623-12-21 23:52:55",0,1,1,0,1,0,0,6492,0
357,0,16562,"1624-09-22 15:45:37",0,0,0,1,1,0,0,6495,0
358,1,16575,"1625-03-20 09:11:45",0,0,0,0,0,1,0,6497,0
359,1,16595,"1625-12-21 11:32:54",0,1,0,0,0,0,0,6500,0
360,1,16615,"1626-09-23 03:34:04",0,0,0,1,0,0,0,6503,0
361,0,16648,"1627-12-21 23:14:59",0,1,0,0,1,0,1,6508,0
362,0,16668,"1628-09-22 15:12:26",0,0,0,1,1,0,0,6511,0
363,0,16754,"1631-12-21 22:37:09",0,1,0,0,1,0,0,6524,0
364,0,16860,"1635-12-21 21:44:39",0,1,0,0,1,0,0,6540,0
365,1,17059,"1643-06-21 18:12:22",1,0,0,0,0,0,0,6570,0
366,1,17165,"1647-06-21 17:49:07",1,0,0,0,0,0,0,6586,0
367,1,17271,"1651-06-21 16:45:45",1,0,0,0,0,0,0,6602,0
368,0,17324,"1653-06-21 04:19:14",1,0,0,0,1,0,0,6610,0
369,0,17344,"1654-03-20 09:46:09",0,0,0,0,1,1,0,6613,0
370,0,17430,"1657-06-21 03:20:26",1,0,0,0,1,0,0,6626,0
371,0,17450,"1658-03-20 09:04:41",0,0,0,0,1,1,0,6629,0
372,1,17543,"1661-09-22 14:50:50",0,0,0,1,0,0,1,6643,0
373,0,17556,"1662-03-20 08:23:54",0,0,1,0,1,1,0,6645,0
374,0,17596,"1663-09-23 02:33:37",0,0,0,1,1,0,0,6651,0
375,1,17609,"1664-03-19 20:03:44",0,0,0,0,0,1,0,6653,0
376,1,17629,"1664-12-20 22:55:04",0,1,0,0,0,0,0,6656,0
377,1,17649,"1665-09-22 14:10:49",0,0,0,1,0,0,0,6659,0
378,0,17662,"1666-03-20 07:44:29",0,0,0,0,1,1,1,6661,0
379,1,17715,"1668-03-19 19:29:32",0,0,0,0,0,1,0,6669,0
380,1,17735,"1668-12-20 22:11:45",0,1,0,0,0,0,0,6672,0
381,1,17755,"1669-09-22 13:25:15",0,0,0,1,0,0,0,6675,0
382,0,17768,"1670-03-20 07:01:41",0,0,1,0,1,1,0,6677,0
383,0,17788,"1670-12-21 09:42:45",0,1,0,0,1,0,0,6680,0
384,1,17821,"1672-03-19 18:32:49",0,0,0,0,0,1,0,6685,0
385,1,17841,"1672-12-20 21:20:06",0,1,0,0,0,0,1,6688,0
386,0,17874,"1674-03-20 06:03:06",0,0,0,0,1,1,0,6693,0
387,1,17927,"1676-03-19 17:39:50",0,0,0,0,0,1,0,6701,0
388,0,17980,"1678-03-20 05:23:35",0,0,0,0,1,1,0,6709,0
389,0,18086,"1682-03-20 04:48:06",0,0,0,0,1,1,0,6725,0
390,1,18305,"1690-06-21 02:52:49",1,0,1,0,0,0,0,6758,0
391,0,18358,"1692-06-20 14:19:15",1,0,0,0,1,0,0,6766,0
392,1,18411,"1694-06-21 02:05:24",1,0,0,0,0,0,0,6774,0
393,0,18524,"1698-09-22 13:54:39",0,0,0,1,1,0,0,6791,0
394,0,18630,"1702-09-23 13:05:47",0,0,0,1,1,0,0,6807,0
395,1,18683,"1704-09-23 00:47:37",0,0,0,1,0,0,0,6815,0
396,0,18716,"1705-12-21 21:42:49",0,1,0,0,1,0,0,6820,0
397,0,18736,"1706-09-23 12:21:00",0,0,0,1,1,0,0,6823,0
398,1,18769,"1707-12-22 09:22:54",0,1,0,0,0,0,0,6828,0
399,1,18789,"1708-09-22 23:49:22",0,0,0,1,0,0,0,6831,0
400,0,18842,"1710-09-23 11:25:58",0,0,1,1,1,0,0,6839,0
401,1,18875,"1711-12-22 08:31:16",0,1,0,0,0,0,0,6844,0
402,1,18895,"1712-09-22 23:06:00",0,0,0,1,0,0,0,6847,0
403,0,18948,"1714-09-23 10:42:47",0,0,0,1,1,0,1,6855,0
404,1,18961,"1715-03-21 04:42:31",0,0,0,0,0,1,0,6857,0
405,1,18981,"1715-12-22 07:58:14",0,1,0,0,0,0,0,6860,0
406,1,19001,"1716-09-22 22:17:37",0,0,0,1,0,0,0,6863,0
407,0,19054,"1718-09-23 09:58:49",0,0,1,1,1,0,0,6871,0
408,1,19067,"1719-03-21 04:03:23",0,0,0,0,0,1,1,6873,0
409,1,19107,"1720-09-22 21:46:47",0,0,0,1,0,0,0,6879,0
410,0,19160,"1722-09-23 09:25:30",0,0,0,1,1,0,0,6887,0
411,0,19266,"1726-09-23 08:27:58",0,0,0,1,1,0,0,6903,0
412,0,19286,"1727-06-22 01:27:35",1,0,0,0,1,0,0,6906,0
413,0,19372,"1730-09-23 07:37:40",0,0,0,1,1,0,0,6919,0
414,0,19392,"1731-06-22 00:36:28",1,0,0,0,1,0,0,6922,0
415,1,19445,"1733-06-21 12:10:01",1,0,0,0,0,0,0,6930,0
416,0,19498,"1735-06-21 23:48:58",1,0,0,0,1,0,0,6938,0
417,1,19551,"1737-06-21 11:29:59",1,0,0,0,0,0,0,6946,0
418,0,19604,"1739-06-21 23:05:57",1,0,0,0,1,0,1,6954,0
419,1,19657,"1741-06-21 10:48:39",1,0,0,0,0,0,0,6962,0
420,0,19710,"1743-06-21 22:27:54",1,0,1,0,1,0,0,6970,0
421,0,19750,"1744-12-21 08:57:06",0,1,0,0,1,0,0,6976,0
422,1,19763,"1745-06-21 09:59:41",1,0,0,0,0,0,0,6978,0
423,0,19816,"1747-06-21 21:21:55",1,0,0,0,1,0,1,6986,0
424,0,19856,"1748-12-21 08:11:33",0,1,0,0,1,0,0,6992,0
425,1,19869,"1749-06-21 08:53:31",1,0,0,0,0,0,0,6994,0
426,0,19922,"1751-06-21 20:32:49",1,0,0,0,1,0,0,7002,0
427,0,19942,"1752-03-20 03:46:41",0,0,0,0,1,1,0,7005,0
428,0,19962,"1752-12-21 07:32:00",0,1,0,0,1,0,1,7008,0
429,1,20015,"1754-12-21 19:08:43",0,1,0,0,0,0,0,7016,0
430,0,20028,"1755-06-21 19:51:01",1,0,0,0,1,0,0,7018,0
431,0,20048,"1756-03-20 03:17:08",0,0,0,0,1,1,0,7021,0
432,0,20068,"1756-12-21 06:50:39",0,1,1,0,1,0,0,7024,0
433,1,20101,"1758-03-20 14:50:36",0,0,0,0,0,1,0,7029,0
434,1,20121,"1758-12-21 18:37:09",0,1,0,0,0,0,0,7032,0
435,1,20141,"1759-09-23 08:18:46",0,0,0,1,0,0,0,7035,0
436,0,20154,"1760-03-20 02:24:15",0,0,0,0,1,1,0,7037,0
437,0,20174,"1760-12-21 06:21:22",0,1,0,0,1,0,1,7040,0
438,1,20207,"1762-03-20 14:14:42",0,0,0,0,0,1,0,7045,0
439,1,20227,"1762-12-21 17:51:50",0,1,0,0,0,0,0,7048,0
440,1,20247,"1763-09-23 07:29:04",0,0,0,1,0,0,0,7051,0
441,0,20260,"1764-03-20 01:50:20",0,0,0,0,1,1,0,7053,0
442,0,20280,"1764-12-21 05:29:56",0,1,0,0,1,0,0,7056,0
443,0,20300,"1765-09-22 19:02:43",0,0,0,1,1,0,0,7059,0
444,1,20313,"1766-03-20 13:16:20",0,0,0,0,0,1,0,7061,0
445,1,20333,"1766-12-21 17:03:51",0,1,0,0,0,0,0,7064,0
446,1,20353,"1767-09-23 06:33:14",0,0,0,1,0,0,1,7067,0
447,0,20366,"1768-03-20 00:47:15",0,0,1,0,1,1,0,7069,0
448,0,20386,"1768-12-21 04:36:49",0,1,0,0,1,0,0,7072,0
449,1,20419,"1770-03-20 12:29:58",0,0,0,0,0,1,0,7077,0
450,1,20439,"1770-12-21 16:18:15",0,1,0,0,0,0,0,7080,0
451,0,20472,"1772-03-20 00:09:52",0,0,0,0,1,1,1,7085,0
452,0,20492,"1772-12-21 04:08:07",0,1,0,0,1,0,0,7088,0
453,0,20578,"1776-03-19 23:36:26",0,0,1,0,1,1,0,7101,0
454,0,20598,"1776-12-21 03:30:53",0,1,0,0,1,0,0,7104,0
455,0,20684,"1780-03-19 22:53:13",0,0,0,0,1,1,0,7117,0
456,1,20903,"1788-06-20 19:08:30",1,0,0,0,0,0,0,7150,0
457,1,21009,"1792-06-20 18:25:47",1,0,0,0,0,0,0,7166,0
458,0,21062,"1794-06-21 06:15:27",1,0,0,0,1,0,0,7174,0
459,0,21228,"1800-09-23 06:25:06",0,0,0,1,1,0,0,7199,0
460,1,21281,"1802-09-23 18:01:48",0,0,0,1,0,0,0,7207,0
461,1,21367,"1805-12-22 04:12:52",0,1,0,0,0,0,0,7220,0
462,1,21387,"1806-09-23 17:07:30",0,0,0,1,0,0,0,7223,0
463,1,21453,"1809-03-20 23:21:24",0,0,0,0,0,1,0,7233,0
464,1,21473,"1809-12-22 03:37:18",0,1,1,0,0,0,0,7236,0
465,1,21493,"1810-09-23 16:36:19",0,0,0,1,0,0,0,7239,0
466,1,21559,"1813-03-20 22:49:15",0,0,0,0,0,1,0,7249,0
467,1,21599,"1814-09-23 15:46:03",0,0,0,1,0,0,0,7255,0
468,1,21665,"1817-03-20 21:59:58",0,0,0,0,0,1,0,7265,0
469,0,21718,"1819-03-21 09:38:05",0,0,0,0,1,1,0,7273,0
470,1,21771,"1821-03-20 21:14:48",0,0,0,0,0,1,0,7281,0
471,0,21990,"1829-06-21 17:04:21",1,0,0,0,1,0,0,7314,0
472,1,22043,"1831-06-22 04:36:00",1,0,0,0,0,0,0,7322,0
473,1,22149,"1835-06-22 03:54:09",1,0,0,0,0,0,0,7338,0
474,1,22255,"1839-06-22 02:59:51",1,0,0,0,0,0,0,7354,0
475,0,22348,"1842-12-22 03:54:49",0,1,0,0,1,0,0,7368,0
476,0,22454,"1846-12-22 03:11:33",0,1,0,0,1,0,0,7384,0
477,1,22507,"1848-12-21 14:59:11",0,1,0,0,0,0,0,7392,0
478,0,22560,"1850-12-22 02:36:53",0,1,0,0,1,0,0,7400,0
479,1,22613,"1852-12-21 14:11:54",0,1,0,0,0,0,0,7408,0
480,1,22633,"1853-09-23 02:35:35",0,0,0,1,0,0,0,7411,0
481,0,22666,"1854-12-22 01:57:39",0,1,0,0,1,0,0,7416,0
482,1,22699,"1856-03-20 08:48:27",0,0,1,0,0,1,0,7421,0
483,1,22719,"1856-12-21 13:37:57",0,1,0,0,0,0,0,7424,0
484,1,22739,"1857-09-23 01:31:51",0,0,0,1,0,0,0,7427,0
485,0,22772,"1858-12-22 01:09:15",0,1,0,0,1,0,1,7432,0
486,1,22805,"1860-03-20 08:03:56",0,0,0,0,0,1,0,7437,0
487,1,22825,"1860-12-21 12:40:39",0,1,0,0,0,0,0,7440,0
488,1,22845,"1861-09-23 00:46:10",0,0,0,1,0,0,0,7443,0
489,0,22878,"1862-12-22 00:18:05",0,1,1,0,1,0,0,7448,0
490,0,22898,"1863-09-23 12:15:44",0,0,0,1,1,0,0,7451,0
491,1,22951,"1865-09-22 23:58:52",0,0,0,1,0,0,0,7459,0
492,0,22984,"1866-12-21 23:48:47",0,1,0,0,1,0,1,7464,0
493,0,23004,"1867-09-23 11:42:02",0,0,0,1,1,0,0,7467,0
494,0,23090,"1870-12-21 23:12:30",0,1,0,0,1,0,0,7480,0
495,0,23196,"1874-12-21 22:21:27",0,1,0,0,1,0,0,7496,0
496,1,23395,"1882-06-21 12:16:00",1,0,0,0,0,0,0,7526,0
497,1,23501,"1886-06-21 11:40:35",1,0,0,0,0,0,0,7542,0
498,1,23607,"1890-06-21 10:53:19",1,0,0,0,0,0,0,7558,0
499,0,23660,"1892-06-20 22:22:53",1,0,0,0,1,0,0,7566,0
500,0,23680,"1893-03-20 08:07:49",0,0,0,0,1,1,0,7569,0
501,1,23713,"1894-06-21 09:56:14",1,0,0,0,0,0,0,7574,0
502,0,23766,"1896-06-20 21:27:37",1,0,0,0,1,0,0,7582,0
503,0,23786,"1897-03-20 07:15:35",0,0,0,0,1,1,0,7585,0
504,1,23839,"1899-03-20 18:45:08",0,0,0,0,0,1,0,7593,0
505,1,23859,"1899-12-21 23:55:36",0,1,0,0,0,0,0,7596,0
506,1,23879,"1900-09-23 12:34:20",0,0,0,1,0,0,1,7599,0
507,0,23892,"1901-03-21 07:23:01",0,0,1,0,1,1,0,7601,0
508,0,23932,"1902-09-23 23:54:48",0,0,0,1,1,0,0,7607,0
509,1,23945,"1903-03-21 19:14:15",0,0,0,0,0,1,0,7609,0
510,1,23965,"1903-12-23 00:19:55",0,1,0,0,0,0,0,7612,0
511,1,23985,"1904-09-23 11:39:43",0,0,0,1,0,0,0,7615,0
512,0,23998,"1905-03-21 06:57:02",0,0,0,0,1,1,1,7617,0
513,1,24051,"1907-03-21 18:32:33",0,0,0,0,0,1,0,7625,0
514,1,24071,"1907-12-22 23:51:07",0,1,0,0,0,0,0,7628,0
515,1,24091,"1908-09-23 10:57:52",0,0,0,1,0,0,0,7631,0
516,0,24104,"1909-03-21 06:12:33",0,0,1,0,1,1,0,7633,0
517,0,24124,"1909-12-22 11:19:25",0,1,0,0,1,0,0,7636,0
518,1,24157,"1911-03-21 17:54:00",0,0,0,0,0,1,0,7641,0
519,1,24177,"1911-12-22 22:52:50",0,1,0,0,0,0,0,7644,0
520,0,24210,"1913-03-21 05:17:37",0,0,0,0,1,1,0,7649,0
521,0,24230,"1913-12-22 10:34:34",0,1,0,0,1,0,0,7652,0
522,1,24263,"1915-03-21 16:50:59",0,0,0,0,0,1,0,7657,0
523,0,24316,"1917-03-21 04:36:58",0,0,0,0,1,1,0,7665,0
524,0,24422,"1921-03-21 03:50:49",0,0,0,0,1,1,0,7681,0
525,1,24641,"1929-06-21 21:00:25",1,0,1,0,0,0,0,7714,0
526,0,24694,"1931-06-22 09:27:52",1,0,0,0,1,0,0,7722,0
527,1,24747,"1933-06-21 21:11:37",1,0,0,0,0,0,0,7730,0
528,0,24860,"1937-09-23 10:12:44",0,0,0,1,1,0,0,7747,0
529,0,24966,"1941-09-23 09:32:35",0,0,0,1,1,0,0,7763,0
530,1,25019,"1943-09-23 20:11:35",0,0,0,1,0,0,0,7771,0
531,0,25072,"1945-09-23 07:49:39",0,0,0,1,1,0,0,7779,0
532,1,25105,"1946-12-22 09:53:13",0,1,0,0,0,0,1,7784,0
533,1,25125,"1947-09-23 20:28:30",0,0,0,1,0,0,0,7787,0
534,0,25178,"1949-09-23 07:05:44",0,0,1,1,1,0,0,7795,0
535,1,25211,"1950-12-22 09:13:15",0,1,0,0,0,0,0,7800,0
536,1,25231,"1951-09-23 19:36:46",0,0,0,1,0,0,0,7803,0
537,0,25284,"1953-09-23 07:05:49",0,0,0,1,1,0,1,7811,0
538,1,25297,"1954-03-21 02:53:20",0,0,0,0,0,1,0,7813,0
539,1,25337,"1955-09-23 18:40:49",0,0,0,1,0,0,0,7819,0
540,0,25390,"1957-09-23 06:26:02",0,0,1,1,1,0,0,7827,0
541,1,25403,"1958-03-21 02:05:46",0,0,0,0,0,1,1,7829,0
542,1,25443,"1959-09-23 18:08:25",0,0,0,1,0,0,0,7835,0
543,0,25496,"1961-09-23 05:42:24",0,0,0,1,1,0,0,7843,0
544,0,25602,"1965-09-23 05:05:58",0,0,0,1,1,0,0,7859,0
545,0,25622,"1966-06-21 19:33:21",1,0,0,0,1,0,0,7862,0
546,0,25708,"1969-09-23 04:06:52",0,0,0,1,1,0,0,7875,0
547,0,25728,"1970-06-21 18:42:37",1,0,0,0,1,0,0,7878,0
548,1,25781,"1972-06-21 06:06:10",1,0,0,0,0,0,0,7886,0
549,0,25834,"1974-06-21 16:37:35",1,0,0,0,1,0,0,7894,0
550,1,25887,"1976-06-21 04:24:11",1,0,0,0,0,0,0,7902,0
551,0,25940,"1978-06-21 16:09:33",1,0,0,0,1,0,1,7910,0
552,1,25993,"1980-06-21 03:47:00",1,0,0,0,0,0,0,7918,0
553,0,26046,"1982-06-21 15:23:00",1,0,1,0,1,0,0,7926,0
554,0,26086,"1983-12-22 09:29:55",0,1,0,0,1,0,0,7932,0
555,1,26099,"1984-06-21 03:02:13",1,0,0,0,0,0,0,7934,0
556,0,26152,"1986-06-21 14:29:57",1,0,0,0,1,0,1,7942,0
557,0,26192,"1987-12-22 08:45:53",0,1,0,0,1,0,0,7948,0
558,1,26205,"1988-06-21 01:56:31",1,0,0,0,0,0,0,7950,0
559,1,26245,"1989-12-21 20:22:01",0,1,0,0,0,0,0,7956,0
560,0,26258,"1990-06-21 13:32:47",1,0,0,0,1,0,0,7958,0
561,0,26298,"1991-12-22 07:53:38",0,1,0,0,1,0,1,7964,0
562,1,26351,"1993-12-21 19:25:48",0,1,0,0,0,0,0,7972,0
563,0,26364,"1994-06-21 12:47:32",1,0,0,0,1,0,0,7974,0
564,0,26384,"1995-03-21 01:14:25",0,0,0,0,1,1,0,7977,0
565,0,26404,"1995-12-22 07:16:48",0,1,1,0,1,0,0,7980,0
566,1,26437,"1997-03-20 12:54:39",0,0,0,0,0,1,0,7985,0
567,1,26457,"1997-12-21 19:07:02",0,1,0,0,0,0,0,7988,0
568,0,26470,"1998-06-21 12:02:34",1,0,0,0,1,0,0,7990,0
569,1,26477,"1998-09-23 03:37:11",0,0,0,1,0,0,0,7991,0
570,0,26510,"1999-12-22 06:43:48",0,1,0,0,1,0,1,7996,0
571,1,26543,"2001-03-20 12:30:42",0,0,0,0,0,1,0,8001,0
572,1,26563,"2001-12-21 18:21:29",0,1,0,0,0,0,0,8004,0
573,1,26583,"2002-09-23 02:55:24",0,0,0,1,0,0,0,8007,0
574,0,26616,"2003-12-22 06:03:49",0,1,1,0,1,0,0,8012,0
575,0,26636,"2004-09-22 14:29:50",0,0,0,1,1,0,0,8015,0
576,1,26649,"2005-03-20 11:33:25",0,0,0,0,0,1,0,8017,0
577,1,26669,"2005-12-21 17:34:57",0,1,0,0,0,0,0,8020,0
578,1,26689,"2006-09-23 02:03:22",0,0,0,1,0,0,1,8023,0
579,0,26722,"2007-12-22 05:07:49",0,1,0,0,1,0,0,8028,0
580,1,26755,"2009-03-20 10:43:37",0,0,0,0,0,1,0,8033,0
581,0,26828,"2011-12-22 04:30:03",0,1,0,0,1,0,0,8044,0
582,0,26934,"2015-12-22 03:47:57",0,1,0,0,1,0,0,8060,0
583,1,27239,"2027-06-21 12:10:50",1,0,0,0,0,0,0,8106,0
584,1,27345,"2031-06-21 11:17:08",1,0,0,0,0,0,0,8122,0
585,0,27398,"2033-06-20 23:01:09",1,0,0,0,1,0,0,8130,0
586,0,27564,"2039-09-23 01:49:39",0,0,0,1,1,0,0,8155,0
587,1,27617,"2041-09-22 13:26:36",0,0,0,1,0,0,0,8163,0
588,1,27703,"2044-12-21 04:43:40",0,1,0,0,0,0,0,8176,0
589,1,27723,"2045-09-22 12:33:01",0,0,0,1,0,0,0,8179,0
590,1,27789,"2048-03-19 21:33:58",0,0,0,0,0,1,0,8189,0
591,1,27809,"2048-12-21 04:02:24",0,1,1,0,0,0,0,8192,0
592,1,27829,"2049-09-22 11:42:46",0,0,0,1,0,0,0,8195,0
593,0,27862,"2050-12-21 15:38:54",0,1,0,0,1,0,0,8200,0
594,1,27895,"2052-03-19 20:56:19",0,0,0,0,0,1,0,8205,0
595,1,28001,"2056-03-19 20:11:27",0,0,0,0,0,1,0,8221,0
596,0,28054,"2058-03-20 08:05:27",0,0,0,0,1,1,0,8229,0
597,0,28160,"2062-03-20 07:08:02",0,0,0,0,1,1,0,8245,0
598,0,28326,"2068-06-20 09:54:32",1,0,0,0,1,0,0,8270,0
599,1,28379,"2070-06-20 21:23:24",1,0,0,0,0,0,0,8278,0
600,1,28485,"2074-06-20 20:59:23",1,0,0,0,0,0,0,8294,0
601,1,28591,"2078-06-20 19:59:02",1,0,0,0,0,0,0,8310,0
602,0,28598,"2078-09-22 12:25:37",0,0,0,1,1,0,0,8311,0
603,1,28697,"2082-06-20 19:04:32",1,0,0,0,0,0,0,8326,0
604,0,28704,"2082-09-22 11:24:13",0,0,0,1,1,0,0,8327,0
605,0,28790,"2085-12-21 03:30:08",0,1,0,0,1,0,0,8340,0
606,0,28810,"2086-09-22 10:33:40",0,0,0,1,1,0,1,8343,0
607,1,28843,"2087-12-21 15:10:00",0,1,0,0,0,0,0,8348,0
608,1,28863,"2088-09-21 22:19:50",0,0,0,1,0,0,0,8351,0
609,0,28916,"2090-09-22 10:01:00",0,0,1,1,1,0,0,8359,0
610,1,28949,"2091-12-21 14:40:15",0,1,0,0,0,0,0,8364,0
611,1,28969,"2092-09-21 21:43:33",0,0,0,1,0,0,0,8367,0
612,1,29035,"2095-03-20 07:16:47",0,0,1,0,0,1,0,8377,0
613,1,29055,"2095-12-21 14:02:40",0,1,0,0,0,0,0,8380,0
614,1,29075,"2096-09-21 20:56:36",0,0,0,1,0,0,0,8383,0
615,0,29128,"2098-09-22 08:26:07",0,0,0,1,1,0,0,8391,0
616,1,29141,"2099-03-20 06:19:37",0,0,0,0,0,1,0,8393,0
