"id","apofasal","date","eclipse_id","es_anular","es_hibrido","es_parcial","es_penumbral","es_total","estival","invernal","invertido","lleno","metono_id","nuevo","otonyal","primaveral","selecto","year"
1,0,"0001-06-22 22:45:50",7,0,0,1,0,0,1,0,0,1,1,0,0,0,0,1
2,0,"0001-06-22 22:45:50",7,0,0,1,0,0,1,0,0,1,2,0,0,0,0,1
3,0,"0034-03-20 23:36:37",173,0,0,0,1,0,0,0,0,1,35,0,0,1,0,34
4,0,"0034-03-20 23:36:37",173,0,0,0,1,0,0,0,0,1,36,0,0,1,0,34
5,0,"0055-12-21 05:02:25",281,0,0,0,1,0,0,1,0,1,59,0,0,0,0,55
6,0,"0055-12-21 05:02:25",281,0,0,0,1,0,0,1,0,1,60,0,0,0,0,55
7,0,"0074-12-20 19:46:25",376,0,0,1,0,0,0,1,0,1,77,0,0,0,0,74
8,0,"0074-12-20 19:46:25",376,0,0,1,0,0,0,1,0,1,78,0,0,0,0,74
9,0,"0093-12-20 10:36:48",469,0,0,0,0,1,0,1,0,1,93,0,0,0,0,93
10,0,"0093-12-20 10:36:48",469,0,0,0,0,1,0,1,0,1,94,0,0,0,0,93
11,0,"0098-03-20 11:29:28",495,1,0,0,0,0,0,0,0,0,101,1,0,1,0,98
12,0,"0098-03-20 11:29:28",495,1,0,0,0,0,0,0,0,0,102,1,0,1,0,98
13,0,"0116-09-23 06:53:12",584,0,0,0,0,1,0,0,0,0,117,1,1,0,0,116
14,0,"0116-09-23 06:53:12",584,0,0,0,0,1,0,0,0,0,118,1,1,0,0,116
15,0,"0130-06-23 03:08:55",652,0,0,1,0,0,1,0,0,0,131,1,0,0,0,130
16,0,"0130-06-23 03:08:55",652,0,0,1,0,0,1,0,0,0,132,1,0,0,0,130
17,0,"0131-12-21 16:01:51",657,0,0,0,1,0,0,1,0,1,135,0,0,0,0,131
18,0,"0131-12-21 16:01:51",657,0,0,0,1,0,0,1,0,1,136,0,0,0,0,131
19,0,"0135-09-23 21:33:32",676,0,0,0,0,1,0,0,0,0,139,1,1,0,0,135
20,0,"0135-09-23 21:33:32",676,0,0,0,0,1,0,0,0,0,140,1,1,0,0,135
21,0,"0139-12-21 14:58:13",694,0,0,1,0,0,0,1,0,1,145,0,0,0,0,139
22,0,"0139-12-21 14:58:13",694,0,0,1,0,0,0,1,0,1,146,0,0,0,0,139
23,0,"0149-06-22 17:22:45",745,0,0,0,0,1,1,0,0,0,153,1,0,0,0,149
24,0,"0149-06-22 17:22:45",745,0,0,0,0,1,1,0,0,0,154,1,0,0,0,149
25,0,"0154-09-23 12:04:50",768,0,0,0,0,1,0,0,0,0,161,1,1,0,0,154
26,0,"0154-09-23 12:04:50",768,0,0,0,0,1,0,0,0,0,162,1,1,0,0,154
27,0,"0158-12-21 05:46:19",785,0,0,0,0,1,0,1,0,1,167,0,0,0,0,158
28,0,"0158-12-21 05:46:19",785,0,0,0,0,1,0,1,0,1,168,0,0,0,0,158
29,0,"0163-03-21 05:17:27",808,1,0,0,0,0,0,0,0,0,171,1,0,1,0,163
30,0,"0163-03-21 05:17:27",808,1,0,0,0,0,0,0,0,0,172,1,0,1,0,163
31,0,"0168-06-22 07:39:08",836,0,0,0,0,1,1,0,0,0,179,1,0,0,0,168
32,0,"0168-06-22 07:39:08",836,0,0,0,0,1,1,0,0,0,180,1,0,0,0,168
33,0,"0173-09-23 02:40:08",857,0,0,1,0,0,0,0,0,0,187,1,1,0,0,173
34,0,"0173-09-23 02:40:08",857,0,0,1,0,0,0,0,0,0,188,1,1,0,0,173
35,0,"0182-03-20 19:36:06",897,0,0,0,0,0,0,0,0,0,193,1,0,1,0,182
36,0,"0182-03-20 19:36:06",897,0,0,0,0,0,0,0,0,0,194,1,0,1,0,182
37,0,"0187-06-22 21:46:57",922,0,0,0,0,1,1,0,0,0,199,1,0,0,0,187
38,0,"0187-06-22 21:46:57",922,0,0,0,0,1,1,0,0,0,200,1,0,0,0,187
39,0,"0201-03-21 10:10:55",984,0,0,0,0,1,0,0,0,0,215,1,0,1,0,201
40,0,"0201-03-21 10:10:55",984,0,0,0,0,1,0,0,0,0,216,1,0,1,0,201
41,0,"0206-06-23 11:52:27",1010,0,0,1,0,0,1,0,0,0,221,1,0,0,0,206
42,0,"0206-06-23 11:52:27",1010,0,0,1,0,0,1,0,0,0,222,1,0,0,0,206
43,0,"0279-12-21 14:46:40",1340,0,0,0,0,1,0,1,0,0,297,1,0,0,0,279
44,0,"0279-12-21 14:46:40",1340,0,0,0,0,1,0,1,0,0,298,1,0,0,0,279
45,0,"0298-12-21 05:25:59",1427,1,0,0,0,0,0,1,0,0,321,1,0,0,0,298
46,0,"0298-12-21 05:25:59",1427,1,0,0,0,0,0,1,0,0,322,1,0,0,0,298
47,0,"0302-09-24 09:13:19",1442,0,0,0,1,0,0,0,0,1,325,0,1,0,0,302
48,0,"0302-09-24 09:13:19",1442,0,0,0,1,0,0,0,0,1,326,0,1,0,0,302
49,0,"0316-06-23 02:02:23",1501,0,0,0,1,0,1,0,0,1,337,0,0,0,0,316
50,0,"0316-06-23 02:02:23",1501,0,0,0,1,0,1,0,0,1,338,0,0,0,0,316
51,0,"0317-12-21 20:18:30",1510,0,0,1,0,0,0,1,0,0,341,1,0,0,0,317
52,0,"0317-12-21 20:18:30",1510,0,0,1,0,0,0,1,0,0,342,1,0,0,0,317
53,0,"0321-09-23 23:45:17",1526,0,0,1,0,0,0,0,0,1,345,0,1,0,0,321
54,0,"0321-09-23 23:45:17",1526,0,0,1,0,0,0,0,0,1,346,0,1,0,0,321
55,0,"0322-03-21 17:25:03",1529,0,0,0,0,1,0,0,0,1,349,0,0,1,0,322
56,0,"0322-03-21 17:25:03",1529,0,0,0,0,1,0,0,0,1,350,0,0,1,0,322
57,0,"0335-06-23 16:19:40",1587,0,0,1,0,0,1,0,0,1,357,0,0,0,0,335
58,0,"0335-06-23 16:19:40",1587,0,0,1,0,0,1,0,0,1,358,0,0,0,0,335
59,0,"0340-09-23 14:17:25",1611,0,0,0,0,1,0,0,0,1,363,0,1,0,0,340
60,0,"0340-09-23 14:17:25",1611,0,0,0,0,1,0,0,0,1,364,0,1,0,0,340
61,0,"0341-03-21 07:59:01",1614,0,0,0,1,0,0,0,0,1,367,0,0,1,0,341
62,0,"0341-03-21 07:59:01",1614,0,0,0,1,0,0,0,0,1,368,0,0,1,0,341
63,0,"0354-06-23 06:32:17",1672,0,0,0,0,1,1,0,0,1,375,0,0,0,0,354
64,0,"0354-06-23 06:32:17",1672,0,0,0,0,1,1,0,0,1,376,0,0,0,0,354
65,0,"0359-09-24 04:58:22",1696,0,0,1,0,0,0,0,0,1,383,0,1,0,0,359
66,0,"0359-09-24 04:58:22",1696,0,0,1,0,0,0,0,0,1,384,0,1,0,0,359
67,0,"0373-06-22 20:42:29",1759,0,0,1,0,0,1,0,0,1,395,0,0,0,0,373
68,0,"0373-06-22 20:42:29",1759,0,0,1,0,0,1,0,0,1,396,0,0,0,0,373
69,0,"0378-09-23 19:24:59",1783,0,0,0,1,0,0,0,0,1,403,0,1,0,0,378
70,0,"0378-09-23 19:24:59",1783,0,0,0,1,0,0,0,0,1,404,0,1,0,0,378
71,0,"0382-12-21 15:22:11",1803,1,0,0,0,0,0,1,0,0,409,1,0,0,0,382
72,0,"0382-12-21 15:22:11",1803,1,0,0,0,0,0,1,0,0,410,1,0,0,0,382
73,0,"0392-06-22 11:04:23",1846,0,0,0,1,0,1,0,0,1,417,0,0,0,0,392
74,0,"0392-06-22 11:04:23",1846,0,0,0,1,0,1,0,0,1,418,0,0,0,0,392
75,0,"0406-03-21 01:29:00",1909,0,0,1,0,0,0,0,0,1,435,0,0,1,0,406
76,0,"0406-03-21 01:29:00",1909,0,0,1,0,0,0,0,0,1,436,0,0,1,0,406
77,0,"0446-12-21 04:14:28",2095,0,0,0,1,0,0,1,0,1,485,0,0,0,0,446
78,0,"0446-12-21 04:14:28",2095,0,0,0,1,0,0,1,0,1,486,0,0,0,0,446
79,0,"0470-03-20 13:34:19",2210,0,0,1,0,0,0,0,0,0,511,1,0,1,0,470
80,0,"0470-03-20 13:34:19",2210,0,0,1,0,0,0,0,0,0,512,1,0,1,0,470
81,0,"0488-09-22 11:17:45",2302,0,0,1,0,0,0,0,0,0,527,1,1,0,0,488
82,0,"0488-09-22 11:17:45",2302,0,0,1,0,0,0,0,0,0,528,1,1,0,0,488
83,0,"0489-03-20 03:53:38",2306,1,0,0,0,0,0,0,0,0,531,1,0,1,0,489
84,0,"0489-03-20 03:53:38",2306,1,0,0,0,0,0,0,0,0,532,1,0,1,0,489
85,0,"0503-12-22 00:30:19",2375,0,0,1,0,0,0,1,0,1,547,0,0,0,0,503
86,0,"0503-12-22 00:30:19",2375,0,0,1,0,0,0,1,0,1,548,0,0,0,0,503
87,0,"0507-09-24 01:49:25",2396,0,0,0,0,1,0,0,0,0,551,1,1,0,0,507
88,0,"0507-09-24 01:49:25",2396,0,0,0,0,1,0,0,0,0,552,1,1,0,0,507
89,0,"0511-12-21 23:11:34",2414,0,0,0,1,0,0,1,0,1,555,0,0,0,0,511
90,0,"0511-12-21 23:11:34",2414,0,0,0,1,0,0,1,0,1,556,0,0,0,0,511
91,0,"0521-06-22 15:07:09",2465,0,0,1,0,0,1,0,0,0,565,1,0,0,0,521
92,0,"0521-06-22 15:07:09",2465,0,0,1,0,0,1,0,0,0,566,1,0,0,0,521
93,0,"0522-12-21 15:06:55",2469,0,0,0,1,0,0,1,0,1,569,0,0,0,0,522
94,0,"0522-12-21 15:06:55",2469,0,0,0,1,0,0,1,0,1,570,0,0,0,0,522
95,0,"0526-09-23 16:25:34",2491,0,0,0,0,0,0,0,0,0,573,1,1,0,0,526
96,0,"0526-09-23 16:25:34",2491,0,0,0,0,0,0,0,0,0,574,1,1,0,0,526
97,0,"0530-12-21 14:01:23",2509,0,0,1,0,0,0,1,0,1,577,0,0,0,0,530
98,0,"0530-12-21 14:01:23",2509,0,0,1,0,0,0,1,0,1,578,0,0,0,0,530
99,0,"0535-03-21 07:29:08",2533,0,0,1,0,0,0,0,0,0,581,1,0,1,0,535
100,0,"0535-03-21 07:29:08",2533,0,0,1,0,0,0,0,0,0,582,1,0,1,0,535
101,0,"0540-06-22 05:16:09",2560,0,0,0,0,1,1,0,0,0,587,1,0,0,0,540
102,0,"0540-06-22 05:16:09",2560,0,0,0,0,1,1,0,0,0,588,1,0,0,0,540
103,0,"0545-09-23 06:54:58",2585,1,0,0,0,0,0,0,0,0,595,1,1,0,0,545
104,0,"0545-09-23 06:54:58",2585,1,0,0,0,0,0,0,0,0,596,1,1,0,0,545
105,0,"0546-03-20 23:23:33",2589,0,0,1,0,0,0,0,0,0,599,1,0,1,0,546
106,0,"0546-03-20 23:23:33",2589,0,0,1,0,0,0,0,0,0,600,1,0,1,0,546
107,0,"0554-03-20 21:56:38",2630,0,0,0,0,1,0,0,0,0,605,1,0,1,0,554
108,0,"0554-03-20 21:56:38",2630,0,0,0,0,1,0,0,0,0,606,1,0,1,0,554
109,0,"0559-06-22 19:38:24",2657,0,0,0,0,1,1,0,0,0,611,1,0,0,0,559
110,0,"0559-06-22 19:38:24",2657,0,0,0,0,1,1,0,0,0,612,1,0,0,0,559
111,0,"0564-09-22 21:27:10",2683,0,0,1,0,0,0,0,0,0,617,1,1,0,0,564
112,0,"0564-09-22 21:27:10",2683,0,0,1,0,0,0,0,0,0,618,1,1,0,0,564
113,0,"0573-03-20 12:18:03",2728,0,0,0,0,1,0,0,0,0,625,1,0,1,0,573
114,0,"0573-03-20 12:18:03",2728,0,0,0,0,1,0,0,0,0,626,1,0,1,0,573
115,0,"0578-06-22 09:51:27",2753,0,0,1,0,0,1,0,0,0,629,1,0,0,0,578
116,0,"0578-06-22 09:51:27",2753,0,0,1,0,0,1,0,0,0,630,1,0,0,0,578
117,0,"0651-12-21 23:06:43",3127,0,0,0,0,1,0,1,0,0,701,1,0,0,0,651
118,0,"0651-12-21 23:06:43",3127,0,0,0,0,1,0,1,0,0,702,1,0,0,0,651
119,0,"0670-12-21 13:54:14",3224,1,0,0,0,0,0,1,0,0,723,1,0,0,0,670
120,0,"0670-12-21 13:54:14",3224,1,0,0,0,0,0,1,0,0,724,1,0,0,0,670
121,0,"0675-03-21 05:20:15",3243,0,0,1,0,0,0,0,0,1,731,0,0,1,0,675
122,0,"0675-03-21 05:20:15",3243,0,0,1,0,0,0,0,0,1,732,0,0,1,0,675
123,0,"0689-12-21 04:30:11",3320,1,0,0,0,0,0,1,0,0,743,1,0,0,0,689
124,0,"0689-12-21 04:30:11",3320,1,0,0,0,0,0,1,0,0,744,1,0,0,0,689
125,0,"0693-09-23 03:41:15",3335,0,0,1,0,0,0,0,0,1,745,0,1,0,0,693
126,0,"0693-09-23 03:41:15",3335,0,0,1,0,0,0,0,0,1,746,0,1,0,0,693
127,0,"0694-03-20 19:39:54",3338,0,0,0,0,1,0,0,0,1,749,0,0,1,0,694
128,0,"0694-03-20 19:39:54",3338,0,0,0,0,1,0,0,0,1,750,0,0,1,0,694
129,0,"0707-06-23 13:59:16",3404,0,0,0,1,0,1,0,0,1,757,0,0,0,0,707
130,0,"0707-06-23 13:59:16",3404,0,0,0,1,0,1,0,0,1,758,0,0,0,0,707
131,0,"0708-12-21 19:22:30",3413,0,0,1,0,0,0,1,0,0,761,1,0,0,0,708
132,0,"0708-12-21 19:22:30",3413,0,0,1,0,0,0,1,0,0,762,1,0,0,0,708
133,0,"0712-09-23 18:08:00",3427,0,0,0,0,1,0,0,0,1,763,0,1,0,0,712
134,0,"0712-09-23 18:08:00",3427,0,0,0,0,1,0,0,0,1,764,0,1,0,0,712
135,0,"0713-03-21 10:06:20",3430,0,0,1,0,0,0,0,0,1,767,0,0,1,0,713
136,0,"0713-03-21 10:06:20",3430,0,0,1,0,0,0,0,0,1,768,0,0,1,0,713
137,0,"0726-06-23 04:11:36",3495,0,0,1,0,0,1,0,0,1,775,0,0,0,0,726
138,0,"0726-06-23 04:11:36",3495,0,0,1,0,0,1,0,0,1,776,0,0,0,0,726
139,0,"0731-09-24 08:38:27",3518,0,0,0,0,1,0,0,0,1,781,0,1,0,0,731
140,0,"0731-09-24 08:38:27",3518,0,0,0,0,1,0,0,0,1,782,0,1,0,0,731
141,0,"0732-03-21 00:40:13",3521,0,0,0,1,0,0,0,0,1,785,0,0,1,0,732
142,0,"0732-03-21 00:40:13",3521,0,0,0,1,0,0,0,0,1,786,0,0,1,0,732
143,0,"0735-12-22 08:54:43",3541,1,0,0,0,0,0,1,0,0,789,1,0,0,0,735
144,0,"0735-12-22 08:54:43",3541,1,0,0,0,0,0,1,0,0,790,1,0,0,0,735
145,0,"0745-06-22 18:23:11",3585,0,0,0,0,1,1,0,0,1,797,0,0,0,0,745
146,0,"0745-06-22 18:23:11",3585,0,0,0,0,1,1,0,0,1,798,0,0,0,0,745
147,0,"0750-09-23 23:17:36",3610,0,0,0,1,0,0,0,0,1,805,0,1,0,0,750
148,0,"0750-09-23 23:17:36",3610,0,0,0,1,0,0,0,0,1,806,0,1,0,0,750
149,0,"0754-12-21 23:40:01",3634,1,0,0,0,0,0,1,0,0,811,1,0,0,0,754
150,0,"0754-12-21 23:40:01",3634,1,0,0,0,0,0,1,0,0,812,1,0,0,0,754
151,0,"0764-06-22 08:27:55",3677,0,0,1,0,0,1,0,0,1,819,0,0,0,0,764
152,0,"0764-06-22 08:27:55",3677,0,0,1,0,0,1,0,0,1,820,0,0,0,0,764
153,0,"0773-12-21 14:18:35",3723,0,0,1,0,0,0,1,0,0,833,1,0,0,0,773
154,0,"0773-12-21 14:18:35",3723,0,0,1,0,0,0,1,0,0,834,1,0,0,0,773
155,0,"0778-03-21 04:06:03",3741,0,0,1,0,0,0,0,0,1,839,0,0,1,0,778
156,0,"0778-03-21 04:06:03",3741,0,0,1,0,0,0,0,0,1,840,0,0,1,0,778
157,0,"0783-06-22 22:45:58",3766,0,0,0,1,0,1,0,0,1,847,0,0,0,0,783
158,0,"0783-06-22 22:45:58",3766,0,0,0,1,0,1,0,0,1,848,0,0,0,0,783
159,0,"0797-03-20 18:24:51",3829,0,0,0,1,0,0,0,0,1,861,0,0,1,0,797
160,0,"0797-03-20 18:24:51",3829,0,0,0,1,0,0,0,0,1,862,0,0,1,0,797
161,0,"0861-03-20 06:35:52",4120,0,0,1,0,0,0,0,0,0,935,1,0,1,0,861
162,0,"0861-03-20 06:35:52",4120,0,0,1,0,0,0,0,0,0,936,1,0,1,0,861
163,0,"0871-09-23 06:45:42",4165,0,0,1,0,0,0,0,0,0,947,1,1,0,0,871
164,0,"0871-09-23 06:45:42",4165,0,0,1,0,0,0,0,0,0,948,1,1,0,0,871
165,0,"0875-12-21 08:41:02",4181,0,0,0,0,1,0,1,0,1,953,0,0,0,0,875
166,0,"0875-12-21 08:41:02",4181,0,0,0,0,1,0,1,0,1,954,0,0,0,0,875
167,0,"0879-09-23 05:21:51",4202,0,0,1,0,0,0,0,0,0,957,1,1,0,0,879
168,0,"0879-09-23 05:21:51",4202,0,0,1,0,0,0,0,0,0,958,1,1,0,0,879
169,0,"0893-06-21 12:46:48",4265,0,0,1,0,0,1,0,0,0,971,1,0,0,0,893
170,0,"0893-06-21 12:46:48",4265,0,0,1,0,0,1,0,0,0,972,1,0,0,0,893
171,0,"0894-12-20 23:29:22",4269,0,0,1,0,0,0,1,0,1,975,0,0,0,0,894
172,0,"0894-12-20 23:29:22",4269,0,0,1,0,0,0,1,0,1,976,0,0,0,0,894
173,0,"0898-09-22 19:44:59",4288,1,0,0,0,0,0,0,0,0,979,1,1,0,0,898
174,0,"0898-09-22 19:44:59",4288,1,0,0,0,0,0,0,0,0,980,1,1,0,0,898
175,0,"0902-12-21 22:11:11",4304,0,0,1,0,0,0,1,0,1,983,0,0,0,0,902
176,0,"0902-12-21 22:11:11",4304,0,0,1,0,0,0,1,0,1,984,0,0,0,0,902
177,0,"0904-06-22 04:42:25",4315,0,0,1,0,0,1,0,0,0,987,1,0,0,0,904
178,0,"0904-06-22 04:42:25",4315,0,0,1,0,0,1,0,0,0,988,1,0,0,0,904
179,0,"0912-06-22 02:57:54",4351,0,0,0,0,1,1,0,0,0,993,1,0,0,0,912
180,0,"0912-06-22 02:57:54",4351,0,0,0,0,1,1,0,0,0,994,1,0,0,0,912
181,0,"0917-09-23 10:16:36",4373,1,0,0,0,0,0,0,0,0,999,1,1,0,0,917
182,0,"0917-09-23 10:16:36",4373,1,0,0,0,0,0,0,0,0,1000,1,1,0,0,917
183,0,"0918-03-21 01:57:15",4376,0,0,0,0,1,0,0,0,0,1003,1,0,1,0,918
184,0,"0918-03-21 01:57:15",4376,0,0,0,0,1,0,0,0,0,1004,1,0,1,0,918
185,0,"0926-03-21 00:33:14",4412,0,0,1,0,0,0,0,0,0,1009,1,0,1,0,926
186,0,"0926-03-21 00:33:14",4412,0,0,1,0,0,0,0,0,0,1010,1,0,1,0,926
187,0,"0931-06-22 16:59:20",4436,0,0,0,0,1,1,0,0,0,1013,1,0,0,0,931
188,0,"0931-06-22 16:59:20",4436,0,0,0,0,1,1,0,0,0,1014,1,0,0,0,931
189,0,"0936-09-23 00:45:16",4459,1,0,0,0,0,0,0,0,0,1019,1,1,0,0,936
190,0,"0936-09-23 00:45:16",4459,1,0,0,0,0,0,0,0,0,1020,1,1,0,0,936
191,0,"0969-06-21 21:33:30",4608,0,0,1,0,0,1,0,0,0,1049,1,0,0,0,969
192,0,"0969-06-21 21:33:30",4608,0,0,1,0,0,1,0,0,0,1050,1,0,0,0,969
193,0,"1023-12-22 07:15:54",4862,0,0,1,0,0,0,1,0,0,1129,1,0,0,0,1023
194,0,"1023-12-22 07:15:54",4862,0,0,1,0,0,0,1,0,0,1130,1,0,0,0,1023
195,0,"1033-06-22 09:01:33",4906,0,0,1,0,0,1,0,0,1,1145,0,0,0,0,1033
196,0,"1033-06-22 09:01:33",4906,0,0,1,0,0,1,0,0,1,1146,0,0,0,0,1033
197,0,"1042-12-21 22:01:02",4952,1,0,0,0,0,0,1,0,0,1161,1,0,0,0,1042
198,0,"1042-12-21 22:01:02",4952,1,0,0,0,0,0,1,0,0,1162,1,0,0,0,1042
199,1,"1047-03-21 07:50:30",4974,0,0,0,1,0,0,0,0,1,1172,0,0,1,1,1047
200,1,"1047-03-21 07:50:30",4974,0,0,0,1,0,0,0,0,1,1173,0,0,1,1,1047
201,0,"1052-06-21 23:08:14",4998,0,0,0,0,1,1,0,0,1,1180,0,0,0,0,1052
202,0,"1052-06-21 23:08:14",4998,0,0,0,0,1,1,0,0,1,1181,0,0,0,0,1052
203,0,"1061-12-21 12:44:51",5046,1,0,0,0,0,0,1,0,0,1196,1,0,0,0,1061
204,0,"1061-12-21 12:44:51",5046,1,0,0,0,0,0,1,0,0,1197,1,0,0,0,1061
205,0,"1065-09-23 06:45:09",5064,0,0,0,1,0,0,0,0,1,1199,0,1,0,0,1065
206,0,"1065-09-23 06:45:09",5064,0,0,0,1,0,0,0,0,1,1200,0,1,0,0,1065
207,0,"1066-03-20 22:31:06",5068,0,0,1,0,0,0,0,0,1,1203,0,0,1,0,1066
208,0,"1066-03-20 22:31:06",5068,0,0,1,0,0,0,0,0,1,1204,0,0,1,0,1066
209,0,"1084-09-22 21:18:36",5157,0,0,1,0,0,0,0,0,1,1222,0,1,0,0,1084
210,0,"1084-09-22 21:18:36",5157,0,0,1,0,0,0,0,0,1,1223,0,1,0,0,1084
211,0,"1085-03-20 12:57:55",5160,0,0,0,0,1,0,0,0,1,1226,0,0,1,0,1085
212,0,"1085-03-20 12:57:55",5160,0,0,0,0,1,0,0,0,1,1227,0,0,1,0,1085
213,0,"1088-12-21 02:16:08",5178,0,0,1,0,0,0,1,0,0,1232,1,0,0,1,1088
214,0,"1088-12-21 02:16:08",5178,0,0,1,0,0,0,1,0,0,1233,1,0,0,1,1088
215,0,"1098-06-22 01:32:06",5226,0,0,0,1,0,1,0,0,1,1249,0,0,0,0,1098
216,0,"1098-06-22 01:32:06",5226,0,0,0,1,0,1,0,0,1,1250,0,0,0,0,1098
217,1,"1103-09-24 11:44:53",5252,0,0,0,0,1,0,0,0,1,1256,0,1,0,1,1103
218,1,"1103-09-24 11:44:53",5252,0,0,0,0,1,0,0,0,1,1257,0,1,0,1,1103
219,0,"1104-03-21 03:23:27",5257,0,0,1,0,0,0,0,1,1,1261,0,0,1,0,1104
220,0,"1104-03-21 03:23:27",5257,0,0,1,0,0,0,0,1,1,1262,0,0,1,0,1104
221,0,"1107-12-22 17:02:19",5275,1,0,0,0,0,0,1,0,0,1264,1,0,0,0,1107
222,0,"1107-12-22 17:02:19",5275,1,0,0,0,0,0,1,0,0,1265,1,0,0,0,1107
223,0,"1117-06-22 15:49:26",5322,0,0,0,0,1,1,0,0,1,1277,0,0,0,0,1117
224,0,"1117-06-22 15:49:26",5322,0,0,0,0,1,1,0,0,1,1278,0,0,0,0,1117
225,0,"1122-09-24 02:08:28",5349,0,0,1,0,0,0,0,0,1,1285,0,1,0,1,1122
226,0,"1122-09-24 02:08:28",5349,0,0,1,0,0,0,0,0,1,1286,0,1,0,1,1122
227,0,"1123-03-21 18:00:23",5353,0,0,0,1,0,0,0,0,1,1289,0,0,1,0,1123
228,0,"1123-03-21 18:00:23",5353,0,0,0,1,0,0,0,0,1,1290,0,0,1,0,1123
229,0,"1126-12-22 07:41:32",5372,0,0,0,0,0,0,1,0,0,1292,1,0,0,0,1126
230,0,"1126-12-22 07:41:32",5372,0,0,0,0,0,0,1,0,0,1293,1,0,0,0,1126
231,0,"1136-06-22 06:01:21",5418,0,0,0,0,1,1,0,0,1,1305,0,0,0,0,1136
232,0,"1136-06-22 06:01:21",5418,0,0,0,0,1,1,0,0,1,1306,0,0,0,0,1136
233,1,"1145-12-21 22:30:27",5468,0,0,0,0,1,0,1,1,0,1325,1,0,0,0,1145
234,1,"1145-12-21 22:30:27",5468,0,0,0,0,1,0,1,1,0,1326,1,0,0,0,1145
235,0,"1150-03-21 06:56:30",5488,0,0,0,0,1,0,0,0,1,1336,0,0,1,0,1150
236,0,"1150-03-21 06:56:30",5488,0,0,0,0,1,0,0,0,1,1337,0,0,1,0,1150
237,0,"1169-03-20 21:24:22",5587,0,0,1,0,0,0,0,0,1,1363,0,0,1,0,1169
238,0,"1169-03-20 21:24:22",5587,0,0,1,0,0,0,0,0,1,1364,0,0,1,0,1169
239,1,"1224-09-22 19:05:29",5871,0,0,0,0,1,0,0,0,0,1451,1,1,0,0,1224
240,1,"1224-09-22 19:05:29",5871,0,0,0,0,1,0,0,0,0,1452,1,1,0,0,1224
241,0,"1233-03-20 09:32:17",5913,0,0,1,0,0,0,0,0,0,1468,1,0,1,0,1233
242,0,"1233-03-20 09:32:17",5913,0,0,1,0,0,0,0,0,0,1469,1,0,1,0,1233
243,0,"1243-09-23 09:32:04",5965,1,0,0,0,0,0,0,0,0,1489,1,1,0,0,1243
244,0,"1243-09-23 09:32:04",5965,1,0,0,0,0,0,0,0,0,1490,1,1,0,0,1243
245,0,"1247-12-21 16:37:11",5984,0,0,0,0,1,0,1,0,1,1497,0,0,0,1,1247
246,0,"1247-12-21 16:37:11",5984,0,0,0,0,1,0,1,0,1,1498,0,0,0,1,1247
247,0,"1251-09-23 08:00:40",6005,0,0,1,0,0,0,0,0,0,1501,1,1,0,0,1251
248,0,"1251-09-23 08:00:40",6005,0,0,1,0,0,0,0,0,0,1502,1,1,0,0,1251
249,1,"1257-06-21 12:02:14",6036,0,0,0,0,1,1,0,1,0,1511,1,0,0,0,1257
250,1,"1257-06-21 12:02:14",6036,0,0,0,0,1,1,0,1,0,1512,1,0,0,0,1257
251,0,"1262-09-22 23:56:12",6060,0,0,1,0,0,0,0,0,0,1520,1,1,0,0,1262
252,0,"1262-09-22 23:56:12",6060,0,0,1,0,0,0,0,0,0,1521,1,1,0,0,1262
253,0,"1266-12-21 07:27:08",6077,0,0,1,0,0,0,1,0,1,1528,0,0,0,0,1266
254,0,"1266-12-21 07:27:08",6077,0,0,1,0,0,0,1,0,1,1529,0,0,0,0,1266
255,0,"1270-09-22 22:30:05",6098,1,0,0,0,0,0,0,0,0,1532,1,1,0,0,1270
256,0,"1270-09-22 22:30:05",6098,1,0,0,0,0,0,0,0,0,1533,1,1,0,0,1270
257,0,"1271-03-20 14:24:41",6103,0,0,0,0,1,0,0,0,0,1536,1,0,1,0,1271
258,0,"1271-03-20 14:24:41",6103,0,0,0,0,1,0,0,0,0,1537,1,0,1,0,1271
259,0,"1274-12-21 06:20:08",6117,0,0,0,1,0,0,1,0,1,1541,0,0,0,1,1274
260,0,"1274-12-21 06:20:08",6117,0,0,0,1,0,0,1,0,1,1542,0,0,0,1,1274
261,0,"1276-06-21 02:10:40",6129,0,0,0,0,1,1,0,0,0,1545,1,0,0,0,1276
262,0,"1276-06-21 02:10:40",6129,0,0,0,0,1,1,0,0,0,1546,1,0,0,0,1276
263,0,"1285-12-20 22:14:41",6171,0,0,0,1,0,0,1,0,1,1563,0,0,0,0,1285
264,0,"1285-12-20 22:14:41",6171,0,0,0,1,0,0,1,0,1,1564,0,0,0,0,1285
265,0,"1289-09-22 12:54:01",6192,1,0,0,0,0,0,0,0,0,1568,1,1,0,0,1289
266,0,"1289-09-22 12:54:01",6192,1,0,0,0,0,0,0,0,0,1569,1,1,0,0,1289
267,1,"1290-03-20 04:58:58",6195,0,0,0,0,1,0,0,1,0,1572,1,0,1,0,1290
268,1,"1290-03-20 04:58:58",6195,0,0,0,0,1,0,0,1,0,1573,1,0,1,0,1290
269,1,"1298-03-20 03:25:59",6234,0,0,1,0,0,0,0,0,0,1584,1,0,1,0,1298
270,1,"1298-03-20 03:25:59",6234,0,0,1,0,0,0,0,0,0,1585,1,0,1,0,1298
271,0,"1308-09-23 03:28:07",6283,1,0,0,0,0,0,0,0,0,1598,1,1,0,0,1308
272,0,"1308-09-23 03:28:07",6283,1,0,0,0,0,0,0,0,0,1599,1,1,0,0,1308
273,0,"1309-03-20 19:24:06",6287,0,0,1,0,0,0,0,0,0,1602,1,0,1,0,1309
274,0,"1309-03-20 19:24:06",6287,0,0,1,0,0,0,0,0,0,1603,1,0,1,0,1309
275,0,"1327-09-23 17:50:31",6373,0,0,1,0,0,0,0,0,0,1623,1,1,0,0,1327
276,0,"1327-09-23 17:50:31",6373,0,0,1,0,0,0,0,0,0,1624,1,1,0,0,1327
277,0,"1350-12-21 17:07:32",6478,0,0,0,1,0,0,1,0,1,1664,0,0,0,0,1350
278,0,"1350-12-21 17:07:32",6478,0,0,0,1,0,0,1,0,1,1665,0,0,0,0,1350
279,0,"1360-06-21 09:01:40",6525,0,0,1,0,0,1,0,0,0,1677,1,0,0,0,1360
280,0,"1360-06-21 09:01:40",6525,0,0,1,0,0,1,0,0,0,1678,1,0,0,0,1360
281,0,"1405-06-22 06:04:53",6725,0,0,0,1,0,1,0,0,1,1754,0,0,0,0,1405
282,0,"1405-06-22 06:04:53",6725,0,0,0,1,0,1,0,0,1,1755,0,0,0,0,1405
283,0,"1414-12-22 05:48:57",6770,0,0,0,0,0,0,1,0,0,1765,1,0,0,0,1414
284,0,"1414-12-22 05:48:57",6770,0,0,0,0,0,0,1,0,0,1766,1,0,0,0,1414
285,0,"1424-06-21 20:26:06",6811,0,0,1,0,0,1,0,0,1,1781,0,0,0,0,1424
286,0,"1424-06-21 20:26:06",6811,0,0,1,0,0,1,0,0,1,1782,0,0,0,0,1424
287,1,"1433-12-21 20:35:46",6856,1,0,0,0,0,0,1,0,0,1799,1,0,0,1,1433
288,1,"1433-12-21 20:35:46",6856,1,0,0,0,0,0,1,0,0,1800,1,0,0,1,1433
289,0,"1438-03-21 01:32:02",6875,0,0,1,0,0,0,0,0,1,1808,0,0,1,0,1438
290,0,"1438-03-21 01:32:02",6875,0,0,1,0,0,0,0,0,1,1809,0,0,1,0,1438
291,0,"1443-06-22 10:39:11",6897,0,0,0,0,1,1,0,0,1,1817,0,0,0,0,1443
292,0,"1443-06-22 10:39:11",6897,0,0,0,0,1,1,0,0,1,1818,0,0,0,0,1443
293,0,"1456-09-22 23:25:05",6957,0,0,0,1,0,0,0,0,1,1828,0,1,0,0,1456
294,0,"1456-09-22 23:25:05",6957,0,0,0,1,0,0,0,0,1,1829,0,1,0,0,1456
295,0,"1457-03-20 16:13:13",6960,0,0,0,0,1,0,0,0,1,1832,0,0,1,0,1457
296,0,"1457-03-20 16:13:13",6960,0,0,0,0,1,0,0,0,1,1833,0,0,1,0,1457
297,0,"1462-06-22 00:48:33",6984,0,0,1,0,0,1,0,0,1,1839,0,0,0,0,1462
298,0,"1462-06-22 00:48:33",6984,0,0,1,0,0,1,0,0,1,1840,0,0,0,0,1462
299,0,"1470-06-21 22:59:33",7018,0,0,0,1,0,1,0,0,1,1850,0,0,0,0,1470
300,0,"1470-06-21 22:59:33",7018,0,0,0,1,0,1,0,0,1,1851,0,0,0,0,1470
301,1,"1475-09-23 13:54:12",7042,0,0,0,0,1,0,0,0,1,1857,0,1,0,1,1475
302,1,"1475-09-23 13:54:12",7042,0,0,0,0,1,0,0,0,1,1858,0,1,0,1,1475
303,1,"1476-03-20 06:40:14",7045,0,0,0,0,1,0,0,0,1,1862,0,0,1,0,1476
304,1,"1476-03-20 06:40:14",7045,0,0,0,0,1,0,0,0,1,1863,0,0,1,0,1476
305,0,"1479-12-22 00:55:08",7062,0,0,1,0,0,0,1,0,0,1869,1,0,0,0,1479
306,0,"1479-12-22 00:55:08",7062,0,0,1,0,0,0,1,0,0,1870,1,0,0,0,1479
307,0,"1481-06-21 15:00:42",7069,0,0,0,1,0,1,0,0,1,1874,0,0,0,0,1481
308,0,"1481-06-21 15:00:42",7069,0,0,0,1,0,1,0,0,1,1875,0,0,0,0,1481
309,0,"1489-06-21 13:03:21",7102,0,0,1,0,0,1,0,0,1,1884,0,0,0,0,1489
310,0,"1489-06-21 13:03:21",7102,0,0,1,0,0,1,0,0,1,1885,0,0,0,0,1489
311,0,"1495-03-20 21:11:06",7129,0,0,0,1,0,0,0,0,1,1895,0,0,1,0,1495
312,0,"1495-03-20 21:11:06",7129,0,0,0,1,0,0,0,0,1,1896,0,0,1,0,1495
313,0,"1498-12-21 15:39:28",7146,0,0,0,0,1,0,1,0,0,1899,1,0,0,0,1498
314,0,"1498-12-21 15:39:28",7146,0,0,0,0,1,0,1,0,0,1900,1,0,0,0,1498
315,1,"1517-12-22 06:20:51",7234,0,0,0,0,1,0,1,1,0,1934,1,0,0,0,1517
316,1,"1517-12-22 06:20:51",7234,0,0,0,0,1,0,1,1,0,1935,1,0,0,0,1517
317,0,"1522-03-21 10:03:36",7253,0,0,0,0,1,0,0,0,1,1946,0,0,1,0,1522
318,0,"1522-03-21 10:03:36",7253,0,0,0,0,1,0,0,0,1,1947,0,0,1,0,1522
319,0,"1596-09-22 21:04:24",7599,0,0,0,0,1,0,0,0,0,2060,1,1,0,0,1596
320,0,"1596-09-22 21:04:24",7599,0,0,0,0,1,0,0,0,0,2061,1,1,0,0,1596
321,0,"1610-06-21 19:07:45",7663,0,0,0,0,1,1,0,1,0,2080,1,0,0,0,1610
322,0,"1610-06-21 19:07:45",7663,0,0,0,0,1,1,0,1,0,2081,1,0,0,0,1610
323,0,"1615-09-23 11:33:28",7690,1,0,0,0,0,0,0,0,0,2092,1,1,0,0,1615
324,0,"1615-09-23 11:33:28",7690,1,0,0,0,0,0,0,0,0,2093,1,1,0,0,1615
325,1,"1619-12-22 00:31:36",7707,0,0,1,0,0,0,1,0,1,2102,0,0,0,1,1619
326,1,"1619-12-22 00:31:36",7707,0,0,1,0,0,0,1,0,1,2103,0,0,0,1,1619
327,0,"1624-03-20 03:22:31",7731,0,0,1,0,0,0,0,0,0,2113,1,0,1,0,1624
328,0,"1624-03-20 03:22:31",7731,0,0,1,0,0,0,0,0,0,2114,1,0,1,0,1624
329,0,"1629-06-21 09:13:04",7757,0,0,0,0,1,1,0,0,0,2127,1,0,0,0,1629
330,0,"1629-06-21 09:13:04",7757,0,0,0,0,1,1,0,0,0,2128,1,0,0,0,1629
331,0,"1634-09-23 01:56:45",7782,1,0,0,0,0,0,0,0,0,2134,1,1,0,0,1634
332,0,"1634-09-23 01:56:45",7782,1,0,0,0,0,0,0,0,0,2135,1,1,0,0,1634
333,0,"1638-12-21 15:05:01",7799,0,0,0,0,1,0,1,0,1,2139,0,0,0,0,1638
334,0,"1638-12-21 15:05:01",7799,0,0,0,0,1,0,1,0,1,2140,0,0,0,0,1638
335,0,"1643-03-20 17:56:54",7826,0,0,0,0,1,0,0,0,0,2143,1,0,1,0,1643
336,0,"1643-03-20 17:56:54",7826,0,0,0,0,1,0,0,0,0,2144,1,0,1,0,1643
337,0,"1648-06-20 23:27:06",7850,0,0,0,0,0,1,0,0,0,2153,1,0,0,0,1648
338,0,"1648-06-20 23:27:06",7850,0,0,0,0,0,1,0,0,0,2154,1,0,0,0,1648
339,0,"1657-12-21 05:52:52",7894,0,0,1,0,0,0,1,0,1,2165,0,0,0,0,1657
340,0,"1657-12-21 05:52:52",7894,0,0,1,0,0,0,1,0,1,2166,0,0,0,0,1657
341,1,"1661-09-22 14:50:50",7917,1,0,0,0,0,0,0,0,0,2170,1,1,0,1,1661
342,1,"1661-09-22 14:50:50",7917,1,0,0,0,0,0,0,0,0,2171,1,1,0,1,1661
343,1,"1662-03-20 08:23:54",7921,0,0,0,0,1,0,0,1,0,2175,1,0,1,0,1662
344,1,"1662-03-20 08:23:54",7921,0,0,0,0,1,0,0,1,0,2176,1,0,1,0,1662
345,0,"1667-06-21 13:34:47",7946,0,0,1,0,0,1,0,0,0,2187,1,0,0,0,1667
346,0,"1667-06-21 13:34:47",7946,0,0,1,0,0,1,0,0,0,2188,1,0,0,0,1667
347,0,"1676-12-20 20:36:52",7992,0,0,0,1,0,0,1,0,1,2202,0,0,0,0,1676
348,0,"1676-12-20 20:36:52",7992,0,0,0,1,0,0,1,0,1,2203,0,0,0,0,1676
349,0,"1680-09-22 05:12:23",8014,1,0,0,0,0,0,0,0,0,2207,1,1,0,0,1680
350,0,"1680-09-22 05:12:23",8014,1,0,0,0,0,0,0,0,0,2208,1,1,0,0,1680
351,0,"1681-03-19 22:59:57",8017,0,0,0,0,0,0,0,0,0,2211,1,0,1,0,1681
352,0,"1681-03-19 22:59:57",8017,0,0,0,0,0,0,0,0,0,2212,1,0,1,0,1681
353,0,"1699-09-22 19:38:04",8109,0,0,0,0,0,0,0,0,0,2230,1,1,0,0,1699
354,0,"1699-09-22 19:38:04",8109,0,0,0,0,0,0,0,0,0,2231,1,1,0,0,1699
355,0,"1703-12-22 10:09:15",8126,0,0,0,0,1,0,1,1,1,2237,0,0,0,0,1703
356,0,"1703-12-22 10:09:15",8126,0,0,0,0,1,0,1,1,1,2238,0,0,0,0,1703
357,1,"1718-09-23 09:58:49",8205,0,0,1,0,0,0,0,1,0,2261,1,1,0,0,1718
358,1,"1718-09-23 09:58:49",8205,0,0,1,0,0,0,0,1,0,2262,1,1,0,0,1718
359,0,"1722-12-22 00:49:05",8223,0,0,1,0,0,0,1,0,1,2271,0,0,0,0,1722
360,0,"1722-12-22 00:49:05",8223,0,0,1,0,0,0,1,0,1,2272,0,0,0,0,1722
361,0,"1741-12-21 15:34:48",8322,0,0,0,1,0,0,1,0,1,2302,0,0,0,0,1741
362,0,"1741-12-21 15:34:48",8322,0,0,0,1,0,0,1,0,1,2303,0,0,0,0,1741
363,0,"1786-12-21 13:34:12",8552,0,0,1,0,0,0,1,0,0,2388,1,0,0,0,1786
364,0,"1786-12-21 13:34:12",8552,0,0,1,0,0,0,1,0,0,2389,1,0,0,0,1786
365,0,"1796-06-20 17:41:47",8600,0,0,0,1,0,1,0,1,1,2403,0,0,0,0,1796
366,0,"1796-06-20 17:41:47",8600,0,0,0,1,0,1,0,1,1,2404,0,0,0,0,1796
367,0,"1810-03-21 05:20:05",8668,0,0,0,1,0,0,0,0,1,2421,0,0,1,0,1810
368,0,"1810-03-21 05:20:05",8668,0,0,0,1,0,0,0,0,1,2422,0,0,1,0,1810
369,0,"1815-06-22 07:57:47",8694,0,0,0,0,1,1,0,0,1,2430,0,0,0,0,1815
370,0,"1815-06-22 07:57:47",8694,0,0,0,0,1,1,0,0,1,2431,0,0,0,0,1815
371,0,"1820-09-23 02:37:15",8719,0,0,1,0,0,0,0,0,1,2436,0,1,0,1,1820
372,0,"1820-09-23 02:37:15",8719,0,0,1,0,0,0,0,0,1,2437,0,1,0,1,1820
373,0,"1828-09-23 01:09:07",8760,0,0,0,1,0,0,0,0,1,2441,0,1,0,0,1828
374,0,"1828-09-23 01:09:07",8760,0,0,0,1,0,0,0,0,1,2442,0,1,0,0,1828
375,0,"1829-03-20 19:41:29",8764,0,0,1,0,0,0,0,0,1,2445,0,0,1,0,1829
376,0,"1829-03-20 19:41:29",8764,0,0,1,0,0,0,0,0,1,2446,0,0,1,0,1829
377,0,"1834-06-21 22:11:01",8789,0,0,0,0,1,1,0,0,1,2453,0,0,0,0,1834
378,0,"1834-06-21 22:11:01",8789,0,0,0,0,1,1,0,0,1,2454,0,0,0,0,1834
379,0,"1839-09-23 16:58:29",8815,0,0,0,1,0,0,0,0,1,2459,0,1,0,0,1839
380,0,"1839-09-23 16:58:29",8815,0,0,0,1,0,0,0,0,1,2460,0,1,0,0,1839
381,0,"1847-09-23 15:21:43",8856,0,0,1,0,0,0,0,0,1,2465,0,1,0,1,1847
382,0,"1847-09-23 15:21:43",8856,0,0,1,0,0,0,0,0,1,2466,0,1,0,1,1847
383,0,"1848-03-20 10:17:12",8859,0,0,0,0,1,0,0,0,1,2469,0,0,1,0,1848
384,0,"1848-03-20 10:17:12",8859,0,0,0,0,1,0,0,0,1,2470,0,0,1,0,1848
385,0,"1853-06-21 12:21:33",8885,0,0,1,0,0,1,0,0,1,2480,0,0,0,0,1853
386,0,"1853-06-21 12:21:33",8885,0,0,1,0,0,1,0,0,1,2481,0,0,0,0,1853
387,1,"1862-12-22 00:18:05",8932,0,0,1,0,0,0,1,1,0,2497,1,0,0,0,1862
388,1,"1862-12-22 00:18:05",8932,0,0,1,0,0,0,1,1,0,2498,1,0,0,0,1862
389,0,"1867-03-21 00:45:47",8951,0,0,1,0,0,0,0,0,1,2505,0,0,1,0,1867
390,0,"1867-03-21 00:45:47",8951,0,0,1,0,0,0,0,0,1,2506,0,0,1,0,1867
391,1,"1870-12-21 23:12:30",8970,0,0,0,0,1,0,1,0,0,2510,1,0,0,0,1870
392,1,"1870-12-21 23:12:30",8970,0,0,0,0,1,0,1,0,0,2511,1,0,0,0,1870
393,0,"1886-03-20 15:25:46",9041,0,0,0,1,0,0,0,0,1,2531,0,0,1,0,1886
394,0,"1886-03-20 15:25:46",9041,0,0,0,1,0,0,0,0,1,2532,0,0,1,0,1886
395,0,"1889-12-21 13:51:19",9059,0,0,0,0,1,0,1,1,0,2536,1,0,0,0,1889
396,0,"1889-12-21 13:51:19",9059,0,0,0,0,1,0,1,1,0,2537,1,0,0,0,1889
397,0,"1894-03-20 13:58:43",9079,0,0,1,0,0,0,0,0,1,2545,0,0,1,0,1894
398,0,"1894-03-20 13:58:43",9079,0,0,1,0,0,0,0,0,1,2546,0,0,1,0,1894
399,0,"1968-09-22 22:26:10",9425,0,0,0,0,1,0,0,0,0,2670,1,1,0,0,1968
400,0,"1968-09-22 22:26:10",9425,0,0,0,0,1,0,0,0,0,2671,1,1,0,0,1968
401,1,"1982-06-21 15:23:00",9488,0,0,1,0,0,1,0,1,0,2695,1,0,0,0,1982
402,1,"1982-06-21 15:23:00",9488,0,0,1,0,0,1,0,1,0,2696,1,0,0,0,1982
403,0,"1987-09-23 11:45:16",9511,1,0,0,0,0,0,0,0,0,2707,1,1,0,0,1987
404,0,"1987-09-23 11:45:16",9511,1,0,0,0,0,0,0,0,0,2708,1,1,0,0,1987
405,1,"1991-12-22 07:53:38",9527,0,0,1,0,0,0,1,0,1,2715,0,0,0,1,1991
406,1,"1991-12-22 07:53:38",9527,0,0,1,0,0,0,1,0,1,2716,0,0,0,1,1991
407,0,"2001-06-21 05:37:43",9573,0,0,0,0,1,1,0,0,0,2738,1,0,0,0,2001
408,0,"2001-06-21 05:37:43",9573,0,0,0,0,1,1,0,0,0,2739,1,0,0,0,2001
409,1,"2006-09-23 02:03:22",9595,1,0,0,0,0,0,0,0,0,2750,1,1,0,1,2006
410,1,"2006-09-23 02:03:22",9595,1,0,0,0,0,0,0,0,0,2751,1,1,0,1,2006
411,0,"2010-12-21 22:38:27",9611,0,0,0,0,1,0,1,0,1,2757,0,0,0,0,2010
412,0,"2010-12-21 22:38:27",9611,0,0,0,0,1,0,1,0,1,2758,0,0,0,0,2010
413,0,"2015-03-20 21:45:09",9635,0,0,0,0,1,0,0,1,0,2762,1,0,1,0,2015
414,0,"2015-03-20 21:45:09",9635,0,0,0,0,1,0,0,1,0,2763,1,0,1,0,2015
415,0,"2020-06-20 19:43:41",9659,1,0,0,0,0,1,0,0,0,2771,1,0,0,0,2020
416,0,"2020-06-20 19:43:41",9659,1,0,0,0,0,1,0,0,0,2772,1,0,0,0,2020
417,0,"2025-09-22 16:19:21",9680,0,0,1,0,0,0,0,0,0,2775,1,1,0,0,2025
418,0,"2025-09-22 16:19:21",9680,0,0,1,0,0,0,0,0,0,2776,1,1,0,0,2025
419,0,"2029-12-21 13:14:06",9696,0,0,0,0,1,0,1,0,1,2780,0,0,0,0,2029
420,0,"2029-12-21 13:14:06",9696,0,0,0,0,1,0,1,0,1,2781,0,0,0,0,2029
421,0,"2033-09-22 14:51:41",9717,0,0,1,0,0,0,0,0,0,2786,1,1,0,0,2033
422,0,"2033-09-22 14:51:41",9717,0,0,1,0,0,0,0,0,0,2787,1,1,0,0,2033
423,0,"2034-03-20 12:17:30",9720,0,0,0,0,1,0,0,0,0,2790,1,0,1,0,2034
424,0,"2034-03-20 12:17:30",9720,0,0,0,0,1,0,0,0,0,2791,1,0,1,0,2034
425,0,"2039-06-21 09:57:27",9744,1,0,0,0,0,1,0,0,0,2796,1,0,0,0,2039
426,0,"2039-06-21 09:57:27",9744,1,0,0,0,0,1,0,0,0,2797,1,0,0,0,2039
427,1,"2048-12-21 04:02:24",9782,0,0,0,1,0,0,1,1,1,2807,0,0,0,0,2048
428,1,"2048-12-21 04:02:24",9782,0,0,0,1,0,0,1,1,1,2808,0,0,0,0,2048
429,0,"2052-09-22 05:15:57",9801,1,0,0,0,0,0,0,0,0,2815,1,1,0,0,2052
430,0,"2052-09-22 05:15:57",9801,1,0,0,0,0,0,0,0,0,2816,1,1,0,0,2052
431,0,"2053-03-20 02:47:38",9804,1,0,0,0,0,0,0,0,0,2819,1,0,1,0,2053
432,0,"2053-03-20 02:47:38",9804,1,0,0,0,0,0,0,0,0,2820,1,0,1,0,2053
433,0,"2056-12-21 02:52:00",9818,0,0,0,1,0,0,1,0,1,2824,0,0,0,0,2056
434,0,"2056-12-21 02:52:00",9818,0,0,0,1,0,0,1,0,1,2825,0,0,0,0,2056
435,0,"2058-06-21 00:04:30",9829,0,0,1,0,0,1,0,0,0,2829,1,0,0,0,2058
436,0,"2058-06-21 00:04:30",9829,0,0,1,0,0,1,0,0,0,2830,1,0,0,0,2058
437,0,"2071-09-22 19:38:35",9888,0,0,0,0,1,0,0,0,0,2842,1,1,0,0,2071
438,0,"2071-09-22 19:38:35",9888,0,0,0,0,1,0,0,0,0,2843,1,1,0,0,2071
439,0,"2072-03-19 17:21:54",9891,0,0,1,0,0,0,0,0,0,2846,1,0,1,0,2072
440,0,"2072-03-19 17:21:54",9891,0,0,1,0,0,0,0,0,0,2847,1,0,1,0,2072
441,0,"2075-12-21 17:28:04",9904,0,0,1,0,0,0,1,0,1,2851,0,0,0,0,2075
442,0,"2075-12-21 17:28:04",9904,0,0,1,0,0,0,1,0,1,2852,0,0,0,0,2075
443,0,"2094-12-21 08:15:08",9990,0,0,0,0,1,0,1,0,1,2882,0,0,0,0,2094
444,0,"2094-12-21 08:15:08",9990,0,0,0,0,1,0,1,0,1,2883,0,0,0,0,2094
